video_id,channel_name,published_at,age_days,video_views,views_per_day,prior_same_channel_videos,max_semantic_prior_same_channel,max_tfidf_prior_same_channel,max_semantic_prior_same_channel_debranded,max_semantic_any_same_channel,max_semantic_cross_channel,video_title
0g2x-VQw38Q,Meow's Cafe,2026-09-17T21:00:02Z,13.385,30474,2276.74,2,0.539481,0.105537,0.539481,0.613514,0.514734,"📕My wife said I ignored her breakup, so I brought 8 girlfriends to comfort her—she totally broke!"
0mlUQlBMMQY,Jinwoo Recap,2026-09-21T17:35:23Z,9.527,12397,1301.25,10,0.601995,0.223195,0.376752,0.601995,0.679169,My Runaway Billionaire Bride Escaped To A Remote Town - Jinwoo Recap
1w9s7-HVNF8,Hein Recap,2026-09-16T17:01:23Z,14.551,19288,1325.58,5,0.519495,0.152999,0.472532,0.524983,0.524086,"I Dumped My Girlfriend With Cash To Hide My Cancer, Now She's The Doctor Saving My Life - Hein Recap"
2ywByLW7OJE,Hein Recap,2026-09-22T17:02:15Z,8.55,14760,1726.31,11,0.616309,0.236923,0.609781,0.616309,0.679169,I'm Escaping My Billionaire Wife! - Hein Recap
3DwZyWBN31A,Yee Lovestory,2026-06-12T00:00:35Z,111.26,797070,7164.06,19,0.54724,0.227786,0.54724,0.54724,0.513345,Reborn: My Whole Rich Family Can Hear My Mind—Now I'm Somehow the Most Spoiled Favorite in the House
4A3zz8lf8EE,Hein Recap,2026-09-23T17:03:22Z,7.549,70195,9298.28,12,0.598414,0.215343,0.593781,0.598414,0.644805,"I Became A Billionaire Heiress's Butler, But She Can Hear All My Sarcastic Thoughts! - Hein Recap"
5FY8SsRjahk,Meow's Cafe,2026-09-28T21:00:34Z,2.385,18484,7751.58,17,0.530668,0.224396,0.530668,0.530668,0.452043,📕I charged my wife every time her fl taunted me—then she panicked when our daughter and I moved on!
5a5Js5uVK5M,Meow's Cafe,2026-09-29T21:00:03Z,1.385,22684,16379.48,18,0.616084,0.263317,0.616084,0.616084,0.523322,"📕Once I learned the plot, I let my wife see her first love—even told her to dress sexier. She froze!"
5uu-bOF5LT0,Meow's Cafe,2026-09-24T21:00:21Z,6.385,24757,3877.55,11,0.572322,0.283381,0.572322,0.572322,0.381984,"📕My GF left with another guy, said her flight was delayed—then her Uber arrived: me, driving her car"
7FM2tlQ-pCk,Jinwoo Recap,2026-09-27T17:34:18Z,3.528,26739,7579.57,16,0.572274,0.228424,0.350888,0.572274,0.516478,"I Rejected Her Twice In School, Now She Bought My Company To Force Me To Date Her! - Jinwoo Recap"
AFHLIEaSluo,Hein Recap,2026-09-13T17:00:25Z,17.551,9573,545.43,2,0.343245,0.14455,0.201386,0.435856,0.417727,Outplaying The White Lotus - Hein Recap
En3LA6oNvzs,Yee Lovestory,2026-03-20T00:00:31Z,195.26,237618,1216.93,15,0.933638,0.856724,0.933638,0.933638,0.421501,Reborn: My 6 Beautiful Sisters & Parents Can Hear My Thoughts—but Now They Regret It!
EzPOGE4xXow,Yee Lovestory,2026-03-11T00:00:17Z,204.26,300941,1473.33,7,0.601949,0.117906,0.601949,0.700511,0.571249,"Reborn: I Choose My Devoted CEO Wife & Daughter over My Crush, Towards a Happy Ending"
F4GFzqbaqn0,Jinwoo Recap,2026-09-11T17:36:27Z,19.526,24125,1235.51,0,,,,0.643157,0.433583,How The Betrayed Husband Become A Global Star! - Jinwoo Recap
FIsCGrW7Iuw,Hein Recap,2026-09-11T17:01:37Z,19.55,9164,468.74,0,,,,0.519495,0.515125,My Wife Let Her Ex Destroy My Dead Mom's Keepsake - Hein Recap
Fy-Ci_gAghs,Hein Recap,2026-09-18T17:02:30Z,12.55,11740,935.47,7,0.66863,0.341011,0.670468,0.66863,0.545214,I Turned A Poor Girl Into A Billionaire - Hein Recap
G7dKVCViwOc,Jinwoo Recap,2026-09-23T17:38:34Z,7.525,12810,1702.37,12,0.561162,0.226379,0.356861,0.658842,0.499613,I Rejected A Billionaire's Proposal - Jinwoo Recap
H8GIzUs4iYQ,Hein Recap,2026-09-30T17:02:34Z,0.55,4125,7502.7,19,0.44774,0.146043,0.386736,0.44774,0.443012,She Ditched My Birthday For Her Art Crush - Hein Recap
I7mNKE7mbWw,Hein Recap,2026-09-25T17:04:09Z,5.549,5741,1034.66,14,0.545037,0.151588,0.343447,0.545037,0.316444,Unsent Letters At The Grave - Hein Recap
JKhn9JGaPY8,Hein Recap,2026-09-28T17:03:24Z,2.549,8092,3174.3,17,0.36895,0.191912,0.321225,0.36895,0.374121,"How A ""Greedy Opportunist"" Bore The Weight Of Two Dynasties! - Hein Recap"
K2iI10BMw98,Hein Recap,2026-09-21T17:01:03Z,9.551,48815,5111.06,10,0.462668,0.222446,0.322923,0.486085,0.339243,I Let The Nation Extract My Memories - Hein Recap
K4I3MC4bAvo,Yee Lovestory,2026-03-13T00:00:21Z,202.26,104986,519.07,9,0.700511,0.454671,0.700511,0.813295,0.483392,"Reborn: I Chose My Loyal Heiress Girlfriend Over My Cheating Crush, Leading to a Happy Ending"
KH8DW60j-3o,Meow's Cafe,2026-09-26T21:00:26Z,4.385,19822,4520.78,14,0.602548,0.191102,0.602548,0.602548,0.460362,"📕After we reconciled, I stopped chasing her. She proposed—my revenge began at city hall"
KM6YKFEZ6AI,Hein Recap,2026-09-12T17:03:09Z,18.549,89901,4846.57,1,0.332709,0.071113,0.296814,0.523384,0.47257,Leaving The Traitorous Family To Despair! - Hein Recap
KgZsH_ihLz0,Meow's Cafe,2026-09-20T21:00:34Z,10.385,32333,3113.57,7,0.539557,0.084894,0.539557,0.539557,0.49966,"📕She stayed out till 3 AM; I canceled the venue, wedding, and honeymoon—she rushed home like crazy!"
KqinxI0DjmE,Hein Recap,2026-09-27T17:01:16Z,3.551,9277,2612.72,16,0.49802,0.108059,0.504133,0.49802,0.514734,Divorced On 5th Anniversary! - Hein Recap
KyyIlVMR-1E,Jinwoo Recap,2026-09-29T17:36:00Z,1.527,12248,8023.09,18,0.706852,0.361912,0.609669,0.706852,0.509425,My Wife Demanded A Predatory Divorce - Jinwoo Recap
MAl1JDkhEUQ,Meow's Cafe,2026-09-19T21:00:16Z,11.385,18717,1644.04,5,0.531443,0.136155,0.531443,0.628461,0.545054,📕My rich ex-wife brought our son to take me back—only to find me living my best life without them!
MDkKEuypcyc,Yee Lovestory,2026-03-14T00:00:35Z,201.26,75516,375.22,10,0.685586,0.263149,0.685586,0.685586,0.535301,"I Can Hear My Sexy CEO Wife's Thoughts—She Acts Cold, but Secretly Plans to Trap Me Forever?!"
N1k582_U8P8,Yee Lovestory,2026-03-05T01:00:23Z,210.218,56135,267.03,2,0.198835,0.067364,0.198835,0.267558,0.335946,"Mind-Reading: For Saving Me, My Yandere Villainess Crush Actually Killed the System's 99 Players?!"
NxHUvtr1WNs,Yee Lovestory,2026-03-09T00:00:21Z,206.26,35395,171.6,6,0.658536,0.245749,0.658536,0.817321,0.539486,"My GF & Mother Both Betrayed Me for My Brother, so I Married the Sexy Heiress—but Now They Rue!"
QfrpsGlVUoY,Meow's Cafe,2026-09-15T21:00:25Z,15.385,44630,2900.94,0,,,,0.599742,0.487612,📕I called my GF my first love. The campus queen snapped—then found she'd erased all proof we dated!
RRN1_tDWnBs,Hein Recap,2026-09-17T17:00:18Z,13.551,9977,736.24,6,0.394292,0.101782,0.252161,0.394292,0.402058,I Found A Secret Room Of My Photos - Hein Recap
SZZaMGfYJ0M,Jinwoo Recap,2026-09-15T17:36:12Z,15.526,17041,1097.55,4,0.545829,0.23205,0.293345,0.565367,0.470097,My 5-Year Devotion Was Just A Transaction To Revive My Girlfriend - Jinwoo Recap
V_oeQsmasFM,Meow's Cafe,2026-09-18T21:00:11Z,12.385,19153,1546.49,3,0.512134,0.134905,0.512134,0.614422,0.430437,"📕My wife cheated with her bestie’s boyfriend; her bestie proposed revenge, but her method stunned me"
ViUdX8alMys,Jinwoo Recap,2026-09-19T17:37:30Z,11.526,44313,3844.76,8,0.573811,0.096877,0.331217,0.677898,0.478514,The Arrogant Blind CEO Who Discarded Her True Savior! - Jinwoo Recap
YqWAnbgwisA,Meow's Cafe,2026-09-25T21:00:21Z,5.385,15502,2878.9,12,0.592443,0.229945,0.592443,0.65223,0.475523,"📕She married him, then realized she loved me. I smiled and told her why I chased her—she broke!"
ZBOH21g61cw,Hein Recap,2026-09-26T17:00:25Z,4.551,15793,3470.0,15,0.445125,0.161499,0.226373,0.445125,0.288327,The Novel-Addicted Assistant - Hein Recap
ZS_4Ej66uDM,Yee Lovestory,2026-03-16T00:00:40Z,199.259,128570,645.24,12,0.76881,0.505211,0.76881,0.800688,0.585832,"Reborn: My Entire Family Betrayed Me for the Fake Heir, so I Married the Sweet Heiress—Now They Rue!"
_6QRVw8oq70,Yee Lovestory,2026-03-15T00:00:44Z,200.259,71250,355.79,11,0.634132,0.349862,0.634132,0.634132,0.516478,My CEO Wife Gave Me $8M to to Order Bar Girls So I Won't Bother Her Date with 1st Love—Now She Rues!
_vNEhhi3nws,Hein Recap,2026-09-14T17:01:39Z,16.55,14366,868.01,3,0.338854,0.103371,0.335911,0.66863,0.605625,"My Billionaire Wife Paid Me $100M To Leave, So I Turned It Into $10 Billion! - Hein Recap"
a1V0vi-5fEk,Meow's Cafe,2026-09-26T14:00:26Z,4.676,16508,3530.14,13,0.628461,0.24181,0.628461,0.628461,0.551403,"📕My ex failed to marry rich, saw me on TV and wanted me back—then the next shot made her break down!"
bm1vRaNE66I,Meow's Cafe,2026-09-16T21:00:31Z,14.385,41099,2857.16,1,0.474482,0.094017,0.474482,0.602713,0.423018,"📕I left without a word; she thought I’d never last 2 days—until I unfriended her, quit, and moved!"
cZQg93MFytE,Hein Recap,2026-09-24T17:02:15Z,6.55,12858,1963.05,13,0.406015,0.147004,0.292514,0.450916,0.419758,Expired Love Can't Be Revived - Hein Recap
cv8G5y6XfDw,Jinwoo Recap,2026-09-22T17:37:02Z,8.526,23225,2724.06,11,0.643157,0.224384,0.464856,0.765448,0.632776,"My Dad Married A Billionaire, And Her CEO Daughter Was My Secret Online Rival! - Jinwoo Recap"
d7F57As85l0,Jinwoo Recap,2026-09-13T17:35:23Z,17.527,18091,1032.18,2,0.490296,0.092892,0.168225,0.603734,0.4384,"NOO, My Bride Arrested My Dad At The Altar! - Jinwoo Recap"
dl7FiJJDoh0,Hein Recap,2026-09-19T17:00:24Z,11.551,32423,2806.87,8,0.495548,0.306905,0.384383,0.495548,0.479438,I Transmigrated Into A Trash Son-In-Law - Hein Recap
eC75umB-SHs,Jinwoo Recap,2026-09-17T17:35:00Z,13.527,78380,5794.21,6,0.585225,0.165189,0.312511,0.585225,0.378058,I Have A Gossip System - Jinwoo Recap
eHVZ1yAvKsA,Meow's Cafe,2026-09-23T21:00:06Z,7.385,17767,2405.87,10,0.531997,0.143491,0.531997,0.597977,0.488913,📕Her new admirer warned me not to hurt my childhood sweetheart. I laughed—hurt her? She’s insane!
etDjkgcRGNo,Meow's Cafe,2026-09-30T21:01:01Z,0.384,8156,21226.73,19,0.57386,0.334525,0.57386,0.57386,0.491772,"📕The college girl I kept said she was shy—I caught her with another guy. Fine, her roomie’s my type"
fno_FBKY0sE,Yee Lovestory,2026-03-08T01:00:49Z,207.218,227908,1099.85,5,0.527131,0.211846,0.527131,0.933638,0.446621,Reborn: My 5 Beautiful Sisters Can Hear My Thoughts—but Now They Regret It!
gCnlYvG4-5A,Jinwoo Recap,2026-09-25T17:37:30Z,5.526,15848,2868.13,14,0.677898,0.151991,0.419287,0.677898,0.437959,Raised A Villainess: She Went Mad! - Jinwoo Recap
hfvuBTFcEl0,Hein Recap,2026-09-29T17:03:15Z,1.549,11424,7373.52,18,0.597992,0.199618,0.587113,0.597992,0.545054,"I Let My In-Laws Kick Me Out For Her Childhood Sweetheart, Unaware I Have $300M! - Hein Recap"
hgAAa0DWCcU,Yee Lovestory,2026-05-16T09:09:44Z,137.878,25959,188.27,16,0.813295,0.379476,0.813295,0.813295,0.483984,"Rebirth: I Choose My Cute Crush Instead of the Sexy Heiress, Heading Toward a Happy Ending!"
iJ3SMkaAa1M,Meow's Cafe,2026-09-27T14:00:31Z,3.676,26203,7127.65,15,0.507412,0.178974,0.507412,0.519799,0.48546,"📕My fiancée sent a pregnancy test, then unsent it. When she came back for me, I’d married someone!"
ioHg-Fa7-18,Jinwoo Recap,2026-09-28T17:37:12Z,2.526,14452,5721.84,17,0.565367,0.18908,0.446103,0.706852,0.515125,I Faked Being A Trash Househusband To Divorce My Wife - Jinwoo Recap
isihpc5r1UA,Meow's Cafe,2026-09-19T14:00:09Z,11.677,15295,1309.9,4,0.614422,0.281085,0.614422,0.614422,0.517416,📕I left her with nothing; she thought that was revenge—until her first love ditched her for this!
it2BKpKdNy8,Jinwoo Recap,2026-09-14T17:38:23Z,16.525,68142,4123.59,3,0.526571,0.103206,0.156484,0.585225,0.357309,I Just Want To Be A Background NPC - Jinwoo Recap
jCMa8FP8eqo,Yee Lovestory,2026-06-11T03:00:29Z,112.135,722874,6446.48,18,0.670298,0.362095,0.670298,0.670298,0.531506,Reborn: I Chose the Cute Heiress Instead of the Driver's Daughter—but Now She Rues
jkZ3fDsOEaM,Yee Lovestory,2026-05-27T13:53:52Z,126.681,22149,174.84,17,0.540872,0.160095,0.540872,0.544576,0.478211,Reuniting with My Heiress Ex-GF in the Elevator: She Panicked When She Saw the Child in My Arms
kiNWc1r-6Fg,Jinwoo Recap,2026-09-26T17:38:20Z,4.525,12693,2805.1,15,0.53675,0.093018,0.303815,0.53675,0.310194,"""Broke Nobody"" Is Teacher Cas! - Jinwoo Recap"
mHZowXumvNs,Jinwoo Recap,2026-09-24T17:38:25Z,6.525,30256,4636.99,13,0.765448,0.156875,0.651493,0.765448,0.545214,"A Billionaire Hired Me To Fake Being His Son, But His Daughters Fell In Love With Me! - Jinwoo Recap"
mNoIfjZzwEc,Jinwoo Recap,2026-09-20T17:37:06Z,10.526,28452,2703.06,9,0.477888,0.172576,0.411589,0.556165,0.402058,I Was Locked In My Family Closet For 8 Years - Jinwoo Reca[
mXMg15RcleU,Yee Lovestory,2026-03-19T00:01:03Z,196.259,75580,385.1,14,0.800688,0.602151,0.800688,0.800688,0.576288,Reborn: My 6 Sisters & Fiancée All Betrayed Me for The Fake Heir—so I Wed the Sexy CEO—Now They Rue!
miaJ4DQk3m4,Hein Recap,2026-09-20T17:02:32Z,10.55,9921,940.39,9,0.46033,0.210967,0.450113,0.49802,0.491476,I Catfished My Wife As Her High School Ex Just To Get A Divorce! - Hein Recap
muxk2be9b3g,Meow's Cafe,2026-09-22T21:00:38Z,8.384,36956,4407.66,9,0.577158,0.160302,0.577158,0.577158,0.519499,"📕My GF exploded over dinner with another woman. I said, “I didn’t cheat”—her own words shut her up!"
mw8Bcg2G-8o,Yee Lovestory,2026-03-04T01:00:53Z,211.218,66031,312.62,1,0.471119,0.075049,0.471119,0.685586,0.461847,My Sexy CEO Wife Tested Me by Faking Poverty—but 6 Months Later She Begs Me for Kisses Every Day?!
ox8CMjoszTQ,Meow's Cafe,2026-09-21T21:00:30Z,9.385,37806,4028.52,8,0.480749,0.169289,0.480749,0.507573,0.447542,📕My boss GF faked amnesia and asked who I was. I said “just a coworker.” She relaxed—and so did I!
q-ZoiMxj4DI,Yee Lovestory,2026-03-18T00:01:05Z,197.259,87245,442.29,13,0.817321,0.533858,0.817321,0.817321,0.644805,"My CEO Wife & Daughter All Betrayed Me For My Half-brother, so I Wed the Sweet Heiress—Now They Rue!"
quzxCFm07zM,Yee Lovestory,2026-03-07T01:00:58Z,208.218,72910,350.16,4,0.626511,0.318729,0.626511,0.756313,0.61337,"My CEO Wife Gave Me $5M to Divorce Her While I Had Amnesia, so I Chose the Sexy Heiress—Now She Rues"
ryys-jNzfMg,Yee Lovestory,2026-03-06T01:01:00Z,209.218,72488,346.47,3,0.550369,0.135433,0.550369,0.609862,0.527614,My 5 Sexy Fiancées All Despised Me for Being a Hick—‘til They Discovered I Was a Billionaire CEO
t6_zHlXB39o,Meow's Cafe,2026-09-27T21:00:37Z,3.385,27674,8176.66,16,0.65223,0.220814,0.65223,0.65223,0.546016,📕My wife brought her sick first love home and told me not to worry—so I took in my longtime crush!
w10fgdwiuFI,Yee Lovestory,2026-03-03T01:01:07Z,212.218,93773,441.87,0,,,,0.749855,0.612417,Reborn: My Sexy Heiress Fiancée Overheard My Thoughts While Breaking Our Engagement—Now She Rues!
wUPj55kldak,Jinwoo Recap,2026-09-12T17:34:33Z,18.528,42625,2300.62,1,0.582854,0.080413,0.273921,0.613574,0.417727,Zero Tolerance For Drama - Jinwoo Recap
xHswmBIZeU4,Jinwoo Recap,2026-09-30T17:36:17Z,0.526,7527,14299.09,19,0.712672,0.155185,0.579786,0.712672,0.506626,My Parents' 7-Year Cold Marriage Shocked Everyone When Mom Chose The Fake Son! - Jinwoo Recap
y5eUE0-4l3o,Jinwoo Recap,2026-09-16T17:34:31Z,14.528,20783,1430.58,5,0.603734,0.156882,0.395134,0.603734,0.51057,My Wife Skipped Our Son's Funeral For Her Ex - Jinwoo Recap
y7dcODn9qyU,Hein Recap,2026-09-15T17:01:35Z,15.55,9894,636.25,4,0.435856,0.161499,0.17443,0.545037,0.327738,The Empty Ring Box - Hein Recap
yni_4Y1YCpU,Yee Lovestory,2026-03-12T00:01:15Z,203.259,50610,248.99,8,0.767948,0.374378,0.767948,0.767948,0.551403,"My Heiress Fiancée Called Off Our Wedding for Her Crush, so I Married Her Sexy Sister—Now She Rues!"
zXeifgaRYDM,Meow's Cafe,2026-09-20T14:00:27Z,10.676,22875,2142.6,6,0.370801,0.15228,0.370801,0.483956,0.535301,📕An intern sent pics with my CEO wife to taunt me—I called cops at their office; one line froze them
zgxcHXJIUJ4,Jinwoo Recap,2026-09-18T17:38:30Z,12.525,30611,2444.02,7,0.434544,0.065038,0.268529,0.485513,0.290784,My Innocent Students Turned Into Demon Lords - Jinwoo Reca[
