channel_id,channel_name,channel_subscriber_count,channel_video_count,channel_total_views,video_id,video_title,video_url,published_at,duration_seconds,short_candidate,category_id,caption_available,default_language,default_audio_language,video_views,video_likes,video_comments,first_collected_at,last_refreshed_at,duration_formatted,video_title_normalized,title_word_count,title_character_count,likes_per_1000_views,comments_per_1000_views,comments_per_1000_likes,like_rate_percent,comment_rate_percent,channel_pilot_video_count,channel_pilot_total_views,channel_pilot_mean_views,channel_pilot_median_views,channel_pilot_known_views_count,channel_pilot_mean_likes,channel_pilot_median_likes,channel_pilot_known_likes_count,channel_pilot_mean_comments,channel_pilot_median_comments,channel_pilot_known_comments_count,channel_pilot_mean_like_rate_percent,channel_pilot_median_like_rate_percent,channel_pilot_known_like_rate_percent_count,channel_pilot_mean_comment_rate_percent,channel_pilot_median_comment_rate_percent,channel_pilot_known_comment_rate_percent_count,channel_pilot_max_views,highest_views_video_id,highest_views_video_title,channel_pilot_max_likes,highest_likes_video_id,highest_likes_video_title,channel_pilot_max_comments,highest_comments_video_id,highest_comments_video_title,views_rank_within_channel,views_vs_channel_median_ratio,high_view_outlier,likes_rank_within_channel,likes_vs_channel_median_ratio,high_like_outlier,comments_rank_within_channel,comments_vs_channel_median_ratio,high_comment_outlier
UCHPA4fgVIFf4Wfae6-f5qNQ,Hein Recap,9290,119,3026852,KM6YKFEZ6AI,Leaving The Traitorous Family To Despair! - Hein Recap,https://www.youtube.com/watch?v=KM6YKFEZ6AI,2026-09-12T17:03:09Z,2489.0,0,1,0,en,en,89901,1975,75,2026-10-01T06:14:16.896069+00:00,2026-10-01T06:14:16.896069+00:00,41:29,leaving the traitorous family to despair! - hein recap,9,54,21.96860991535133,0.8342510094437214,37.9746835443038,2.196860991535133,0.08342510094437215,20,417327,20866.35,11582.0,20,544.2,326.5,20,27.45,22.0,20,2.764269455233001,2.7864566805098296,20,0.17044470848723262,0.1644883012290921,20,89901,KM6YKFEZ6AI,Leaving The Traitorous Family To Despair! - Hein Recap,1975,KM6YKFEZ6AI,Leaving The Traitorous Family To Despair! - Hein Recap,82,K2iI10BMw98,I Let The Nation Extract My Memories - Hein Recap,1,7.762130892764635,True,1,6.049004594180705,True,2,3.409090909090909,True
UCHPA4fgVIFf4Wfae6-f5qNQ,Hein Recap,9290,119,3026852,4A3zz8lf8EE,"I Became A Billionaire Heiress's Butler, But She Can Hear All My Sarcastic Thoughts! - Hein Recap",https://www.youtube.com/watch?v=4A3zz8lf8EE,2026-09-23T17:03:22Z,2302.0,0,1,0,en,en,70195,1576,35,2026-10-01T06:14:16.896069+00:00,2026-10-01T06:14:16.896069+00:00,38:22,"i became a billionaire heiress's butler, but she can hear all my sarcastic thoughts! - hein recap",17,97,22.451741577035403,0.49861101218035475,22.20812182741117,2.2451741577035405,0.049861101218035477,20,417327,20866.35,11582.0,20,544.2,326.5,20,27.45,22.0,20,2.764269455233001,2.7864566805098296,20,0.17044470848723262,0.1644883012290921,20,89901,KM6YKFEZ6AI,Leaving The Traitorous Family To Despair! - Hein Recap,1975,KM6YKFEZ6AI,Leaving The Traitorous Family To Despair! - Hein Recap,82,K2iI10BMw98,I Let The Nation Extract My Memories - Hein Recap,2,6.060697634260059,True,2,4.826952526799388,True,5,1.5909090909090908,False
UCHPA4fgVIFf4Wfae6-f5qNQ,Hein Recap,9290,119,3026852,K2iI10BMw98,I Let The Nation Extract My Memories - Hein Recap,https://www.youtube.com/watch?v=K2iI10BMw98,2026-09-21T17:01:03Z,3868.0,0,1,0,en,en,48815,1336,82,2026-10-01T06:14:16.896069+00:00,2026-10-01T06:14:16.896069+00:00,1:04:28,i let the nation extract my memories - hein recap,10,49,27.368636689542146,1.6798115333401618,61.377245508982035,2.7368636689542147,0.16798115333401617,20,417327,20866.35,11582.0,20,544.2,326.5,20,27.45,22.0,20,2.764269455233001,2.7864566805098296,20,0.17044470848723262,0.1644883012290921,20,89901,KM6YKFEZ6AI,Leaving The Traitorous Family To Despair! - Hein Recap,1975,KM6YKFEZ6AI,Leaving The Traitorous Family To Despair! - Hein Recap,82,K2iI10BMw98,I Let The Nation Extract My Memories - Hein Recap,3,4.214729753065101,True,3,4.091883614088821,True,1,3.727272727272727,True
UCHPA4fgVIFf4Wfae6-f5qNQ,Hein Recap,9290,119,3026852,dl7FiJJDoh0,I Transmigrated Into A Trash Son-In-Law - Hein Recap,https://www.youtube.com/watch?v=dl7FiJJDoh0,2026-09-19T17:00:24Z,3568.0,0,1,0,en,en,32423,1116,63,2026-10-01T06:14:16.896069+00:00,2026-10-01T06:14:16.896069+00:00,59:28,i transmigrated into a trash son-in-law - hein recap,9,52,34.42001048638312,1.9430651081022732,56.45161290322581,3.4420010486383124,0.19430651081022732,20,417327,20866.35,11582.0,20,544.2,326.5,20,27.45,22.0,20,2.764269455233001,2.7864566805098296,20,0.17044470848723262,0.1644883012290921,20,89901,KM6YKFEZ6AI,Leaving The Traitorous Family To Despair! - Hein Recap,1975,KM6YKFEZ6AI,Leaving The Traitorous Family To Despair! - Hein Recap,82,K2iI10BMw98,I Let The Nation Extract My Memories - Hein Recap,4,2.7994301502331203,False,4,3.418070444104135,True,3,2.8636363636363638,False
UCHPA4fgVIFf4Wfae6-f5qNQ,Hein Recap,9290,119,3026852,1w9s7-HVNF8,"I Dumped My Girlfriend With Cash To Hide My Cancer, Now She's The Doctor Saving My Life - Hein Recap",https://www.youtube.com/watch?v=1w9s7-HVNF8,2026-09-16T17:01:23Z,3169.0,0,1,0,en,en,19288,373,23,2026-10-01T06:14:16.896069+00:00,2026-10-01T06:14:16.896069+00:00,52:49,"i dumped my girlfriend with cash to hide my cancer, now she's the doctor saving my life - hein recap",20,100,19.33844877644131,1.192451265035255,61.66219839142091,1.9338448776441313,0.1192451265035255,20,417327,20866.35,11582.0,20,544.2,326.5,20,27.45,22.0,20,2.764269455233001,2.7864566805098296,20,0.17044470848723262,0.1644883012290921,20,89901,KM6YKFEZ6AI,Leaving The Traitorous Family To Despair! - Hein Recap,1975,KM6YKFEZ6AI,Leaving The Traitorous Family To Despair! - Hein Recap,82,K2iI10BMw98,I Let The Nation Extract My Memories - Hein Recap,5,1.6653427732688655,False,8,1.1424196018376722,False,9,1.0454545454545454,False
UCHPA4fgVIFf4Wfae6-f5qNQ,Hein Recap,9290,119,3026852,ZBOH21g61cw,The Novel-Addicted Assistant - Hein Recap,https://www.youtube.com/watch?v=ZBOH21g61cw,2026-09-26T17:00:25Z,2621.0,0,1,0,en,en,15793,525,38,2026-10-01T06:14:16.896069+00:00,2026-10-01T06:14:16.896069+00:00,43:41,the novel-addicted assistant - hein recap,6,41,33.24257582473248,2.40612929779016,72.38095238095238,3.324257582473247,0.240612929779016,20,417327,20866.35,11582.0,20,544.2,326.5,20,27.45,22.0,20,2.764269455233001,2.7864566805098296,20,0.17044470848723262,0.1644883012290921,20,89901,KM6YKFEZ6AI,Leaving The Traitorous Family To Despair! - Hein Recap,1975,KM6YKFEZ6AI,Leaving The Traitorous Family To Despair! - Hein Recap,82,K2iI10BMw98,I Let The Nation Extract My Memories - Hein Recap,6,1.3635814194439648,False,5,1.6079632465543645,False,4,1.7272727272727273,False
UCHPA4fgVIFf4Wfae6-f5qNQ,Hein Recap,9290,119,3026852,2ywByLW7OJE,I'm Escaping My Billionaire Wife! - Hein Recap,https://www.youtube.com/watch?v=2ywByLW7OJE,2026-09-22T17:02:15Z,3223.0,0,1,0,en,en,14760,414,27,2026-10-01T06:14:16.896069+00:00,2026-10-01T06:14:16.896069+00:00,53:43,i'm escaping my billionaire wife! - hein recap,8,46,28.04878048780488,1.829268292682927,65.21739130434783,2.804878048780488,0.1829268292682927,20,417327,20866.35,11582.0,20,544.2,326.5,20,27.45,22.0,20,2.764269455233001,2.7864566805098296,20,0.17044470848723262,0.1644883012290921,20,89901,KM6YKFEZ6AI,Leaving The Traitorous Family To Despair! - Hein Recap,1975,KM6YKFEZ6AI,Leaving The Traitorous Family To Despair! - Hein Recap,82,K2iI10BMw98,I Let The Nation Extract My Memories - Hein Recap,7,1.274391296839924,False,7,1.2679938744257273,False,6,1.2272727272727273,False
UCHPA4fgVIFf4Wfae6-f5qNQ,Hein Recap,9290,119,3026852,_vNEhhi3nws,"My Billionaire Wife Paid Me $100M To Leave, So I Turned It Into $10 Billion! - Hein Recap",https://www.youtube.com/watch?v=_vNEhhi3nws,2026-09-14T17:01:39Z,2487.0,0,1,0,en,en,14366,472,27,2026-10-01T06:14:16.896069+00:00,2026-10-01T06:14:16.896069+00:00,41:27,"my billionaire wife paid me $100m to leave, so i turned it into $10 billion! - hein recap",18,89,32.85535291660866,1.8794375609076988,57.20338983050848,3.285535291660866,0.18794375609076988,20,417327,20866.35,11582.0,20,544.2,326.5,20,27.45,22.0,20,2.764269455233001,2.7864566805098296,20,0.17044470848723262,0.1644883012290921,20,89901,KM6YKFEZ6AI,Leaving The Traitorous Family To Despair! - Hein Recap,1975,KM6YKFEZ6AI,Leaving The Traitorous Family To Despair! - Hein Recap,82,K2iI10BMw98,I Let The Nation Extract My Memories - Hein Recap,8,1.240372992574685,False,6,1.445635528330781,False,6,1.2272727272727273,False
UCHPA4fgVIFf4Wfae6-f5qNQ,Hein Recap,9290,119,3026852,cZQg93MFytE,Expired Love Can't Be Revived - Hein Recap,https://www.youtube.com/watch?v=cZQg93MFytE,2026-09-24T17:02:15Z,3323.0,0,1,0,en,en,12858,357,6,2026-10-01T06:14:16.896069+00:00,2026-10-01T06:14:16.896069+00:00,55:23,expired love can't be revived - hein recap,8,42,27.764815678954736,0.4666355576294914,16.80672268907563,2.7764815678954737,0.04666355576294914,20,417327,20866.35,11582.0,20,544.2,326.5,20,27.45,22.0,20,2.764269455233001,2.7864566805098296,20,0.17044470848723262,0.1644883012290921,20,89901,KM6YKFEZ6AI,Leaving The Traitorous Family To Despair! - Hein Recap,1975,KM6YKFEZ6AI,Leaving The Traitorous Family To Despair! - Hein Recap,82,K2iI10BMw98,I Let The Nation Extract My Memories - Hein Recap,9,1.1101709549300638,False,9,1.0934150076569678,False,20,0.2727272727272727,False
UCHPA4fgVIFf4Wfae6-f5qNQ,Hein Recap,9290,119,3026852,Fy-Ci_gAghs,I Turned A Poor Girl Into A Billionaire - Hein Recap,https://www.youtube.com/watch?v=Fy-Ci_gAghs,2026-09-18T17:02:30Z,2046.0,0,1,0,en,en,11740,287,19,2026-10-01T06:14:16.896069+00:00,2026-10-01T06:14:16.896069+00:00,34:06,i turned a poor girl into a billionaire - hein recap,11,52,24.44633730834753,1.6183986371379897,66.20209059233449,2.444633730834753,0.16183986371379896,20,417327,20866.35,11582.0,20,544.2,326.5,20,27.45,22.0,20,2.764269455233001,2.7864566805098296,20,0.17044470848723262,0.1644883012290921,20,89901,KM6YKFEZ6AI,Leaving The Traitorous Family To Despair! - Hein Recap,1975,KM6YKFEZ6AI,Leaving The Traitorous Family To Despair! - Hein Recap,82,K2iI10BMw98,I Let The Nation Extract My Memories - Hein Recap,10,1.0136418580556035,False,13,0.8790199081163859,False,12,0.8636363636363636,False
UCHPA4fgVIFf4Wfae6-f5qNQ,Hein Recap,9290,119,3026852,hfvuBTFcEl0,"I Let My In-Laws Kick Me Out For Her Childhood Sweetheart, Unaware I Have $300M! - Hein Recap",https://www.youtube.com/watch?v=hfvuBTFcEl0,2026-09-29T17:03:15Z,3031.0,0,1,0,en,en,11424,311,21,2026-10-01T06:14:16.896069+00:00,2026-10-01T06:14:16.896069+00:00,50:31,"i let my in-laws kick me out for her childhood sweetheart, unaware i have $300m! - hein recap",18,93,27.2233893557423,1.838235294117647,67.52411575562701,2.72233893557423,0.1838235294117647,20,417327,20866.35,11582.0,20,544.2,326.5,20,27.45,22.0,20,2.764269455233001,2.7864566805098296,20,0.17044470848723262,0.1644883012290921,20,89901,KM6YKFEZ6AI,Leaving The Traitorous Family To Despair! - Hein Recap,1975,KM6YKFEZ6AI,Leaving The Traitorous Family To Despair! - Hein Recap,82,K2iI10BMw98,I Let The Nation Extract My Memories - Hein Recap,11,0.9863581419443965,False,11,0.9525267993874426,False,11,0.9545454545454546,False
UCHPA4fgVIFf4Wfae6-f5qNQ,Hein Recap,9290,119,3026852,RRN1_tDWnBs,I Found A Secret Room Of My Photos - Hein Recap,https://www.youtube.com/watch?v=RRN1_tDWnBs,2026-09-17T17:00:18Z,3210.0,0,1,0,en,en,9977,279,8,2026-10-01T06:14:16.896069+00:00,2026-10-01T06:14:16.896069+00:00,53:30,i found a secret room of my photos - hein recap,11,47,27.964317931241858,0.801844241756039,28.67383512544803,2.7964317931241855,0.0801844241756039,20,417327,20866.35,11582.0,20,544.2,326.5,20,27.45,22.0,20,2.764269455233001,2.7864566805098296,20,0.17044470848723262,0.1644883012290921,20,89901,KM6YKFEZ6AI,Leaving The Traitorous Family To Despair! - Hein Recap,1975,KM6YKFEZ6AI,Leaving The Traitorous Family To Despair! - Hein Recap,82,K2iI10BMw98,I Let The Nation Extract My Memories - Hein Recap,12,0.8614228975997237,False,14,0.8545176110260337,False,18,0.36363636363636365,False
UCHPA4fgVIFf4Wfae6-f5qNQ,Hein Recap,9290,119,3026852,miaJ4DQk3m4,I Catfished My Wife As Her High School Ex Just To Get A Divorce! - Hein Recap,https://www.youtube.com/watch?v=miaJ4DQk3m4,2026-09-20T17:02:32Z,2951.0,0,1,0,en,en,9921,342,23,2026-10-01T06:14:16.896069+00:00,2026-10-01T06:14:16.896069+00:00,49:11,i catfished my wife as her high school ex just to get a divorce! - hein recap,17,77,34.47233141820381,2.3183146860195545,67.25146198830409,3.4472331418203805,0.23183146860195547,20,417327,20866.35,11582.0,20,544.2,326.5,20,27.45,22.0,20,2.764269455233001,2.7864566805098296,20,0.17044470848723262,0.1644883012290921,20,89901,KM6YKFEZ6AI,Leaving The Traitorous Family To Despair! - Hein Recap,1975,KM6YKFEZ6AI,Leaving The Traitorous Family To Despair! - Hein Recap,82,K2iI10BMw98,I Let The Nation Extract My Memories - Hein Recap,13,0.8565878086686237,False,10,1.0474732006125573,False,9,1.0454545454545454,False
UCHPA4fgVIFf4Wfae6-f5qNQ,Hein Recap,9290,119,3026852,y7dcODn9qyU,The Empty Ring Box - Hein Recap,https://www.youtube.com/watch?v=y7dcODn9qyU,2026-09-15T17:01:35Z,2334.0,0,1,0,en,en,9894,304,13,2026-10-01T06:14:16.896069+00:00,2026-10-01T06:14:16.896069+00:00,38:54,the empty ring box - hein recap,7,31,30.725692338791184,1.3139276329088336,42.76315789473684,3.0725692338791184,0.13139276329088337,20,417327,20866.35,11582.0,20,544.2,326.5,20,27.45,22.0,20,2.764269455233001,2.7864566805098296,20,0.17044470848723262,0.1644883012290921,20,89901,KM6YKFEZ6AI,Leaving The Traitorous Family To Despair! - Hein Recap,1975,KM6YKFEZ6AI,Leaving The Traitorous Family To Despair! - Hein Recap,82,K2iI10BMw98,I Let The Nation Extract My Memories - Hein Recap,14,0.8542566050768434,False,12,0.9310872894333844,False,16,0.5909090909090909,False
UCHPA4fgVIFf4Wfae6-f5qNQ,Hein Recap,9290,119,3026852,AFHLIEaSluo,Outplaying The White Lotus - Hein Recap,https://www.youtube.com/watch?v=AFHLIEaSluo,2026-09-13T17:00:25Z,3471.0,0,1,0,en,en,9573,245,16,2026-10-01T06:14:16.896069+00:00,2026-10-01T06:14:16.896069+00:00,57:51,outplaying the white lotus - hein recap,7,39,25.59281312023399,1.6713673874438526,65.3061224489796,2.559281312023399,0.16713673874438525,20,417327,20866.35,11582.0,20,544.2,326.5,20,27.45,22.0,20,2.764269455233001,2.7864566805098296,20,0.17044470848723262,0.1644883012290921,20,89901,KM6YKFEZ6AI,Leaving The Traitorous Family To Despair! - Hein Recap,1975,KM6YKFEZ6AI,Leaving The Traitorous Family To Despair! - Hein Recap,82,K2iI10BMw98,I Let The Nation Extract My Memories - Hein Recap,15,0.8265411845967882,False,16,0.7503828483920367,False,14,0.7272727272727273,False
UCHPA4fgVIFf4Wfae6-f5qNQ,Hein Recap,9290,119,3026852,KqinxI0DjmE,Divorced On 5th Anniversary! - Hein Recap,https://www.youtube.com/watch?v=KqinxI0DjmE,2026-09-27T17:01:16Z,2931.0,0,1,0,en,en,9277,265,14,2026-10-01T06:14:16.896069+00:00,2026-10-01T06:14:16.896069+00:00,48:51,divorced on 5th anniversary! - hein recap,7,41,28.56526894470195,1.50910854802199,52.83018867924528,2.856526894470195,0.15091085480219898,20,417327,20866.35,11582.0,20,544.2,326.5,20,27.45,22.0,20,2.764269455233001,2.7864566805098296,20,0.17044470848723262,0.1644883012290921,20,89901,KM6YKFEZ6AI,Leaving The Traitorous Family To Despair! - Hein Recap,1975,KM6YKFEZ6AI,Leaving The Traitorous Family To Despair! - Hein Recap,82,K2iI10BMw98,I Let The Nation Extract My Memories - Hein Recap,16,0.8009842859609739,False,15,0.8116385911179173,False,15,0.6363636363636364,False
UCHPA4fgVIFf4Wfae6-f5qNQ,Hein Recap,9290,119,3026852,FIsCGrW7Iuw,My Wife Let Her Ex Destroy My Dead Mom's Keepsake - Hein Recap,https://www.youtube.com/watch?v=FIsCGrW7Iuw,2026-09-11T17:01:37Z,3099.0,0,1,0,en,en,9164,238,18,2026-10-01T06:14:16.896069+00:00,2026-10-01T06:14:16.896069+00:00,51:39,my wife let her ex destroy my dead mom's keepsake - hein recap,13,62,25.971191619380182,1.9642077695329552,75.63025210084034,2.5971191619380183,0.19642077695329552,20,417327,20866.35,11582.0,20,544.2,326.5,20,27.45,22.0,20,2.764269455233001,2.7864566805098296,20,0.17044470848723262,0.1644883012290921,20,89901,KM6YKFEZ6AI,Leaving The Traitorous Family To Despair! - Hein Recap,1975,KM6YKFEZ6AI,Leaving The Traitorous Family To Despair! - Hein Recap,82,K2iI10BMw98,I Let The Nation Extract My Memories - Hein Recap,17,0.7912277672250043,False,17,0.7289433384379785,False,13,0.8181818181818182,False
UCHPA4fgVIFf4Wfae6-f5qNQ,Hein Recap,9290,119,3026852,JKhn9JGaPY8,"How A ""Greedy Opportunist"" Bore The Weight Of Two Dynasties! - Hein Recap",https://www.youtube.com/watch?v=JKhn9JGaPY8,2026-09-28T17:03:24Z,3534.0,0,1,0,en,en,8092,184,9,2026-10-01T06:14:16.896069+00:00,2026-10-01T06:14:16.896069+00:00,58:54,"how a ""greedy opportunist"" bore the weight of two dynasties! - hein recap",13,73,22.738507167572912,1.1122095897182402,48.913043478260875,2.2738507167572912,0.11122095897182402,20,417327,20866.35,11582.0,20,544.2,326.5,20,27.45,22.0,20,2.764269455233001,2.7864566805098296,20,0.17044470848723262,0.1644883012290921,20,89901,KM6YKFEZ6AI,Leaving The Traitorous Family To Despair! - Hein Recap,1975,KM6YKFEZ6AI,Leaving The Traitorous Family To Despair! - Hein Recap,82,K2iI10BMw98,I Let The Nation Extract My Memories - Hein Recap,18,0.6986703505439475,False,18,0.5635528330781011,False,17,0.4090909090909091,False
UCHPA4fgVIFf4Wfae6-f5qNQ,Hein Recap,9290,119,3026852,I7mNKE7mbWw,Unsent Letters At The Grave - Hein Recap,https://www.youtube.com/watch?v=I7mNKE7mbWw,2026-09-25T17:04:09Z,2340.0,0,1,0,en,en,5741,167,8,2026-10-01T06:14:16.896069+00:00,2026-10-01T06:14:16.896069+00:00,39:00,unsent letters at the grave - hein recap,8,40,29.08900888346978,1.3934854554955582,47.90419161676647,2.908900888346978,0.13934854554955584,20,417327,20866.35,11582.0,20,544.2,326.5,20,27.45,22.0,20,2.764269455233001,2.7864566805098296,20,0.17044470848723262,0.1644883012290921,20,89901,KM6YKFEZ6AI,Leaving The Traitorous Family To Despair! - Hein Recap,1975,KM6YKFEZ6AI,Leaving The Traitorous Family To Despair! - Hein Recap,82,K2iI10BMw98,I Let The Nation Extract My Memories - Hein Recap,19,0.4956829563115179,False,19,0.5114854517611026,False,18,0.36363636363636365,False
UCHPA4fgVIFf4Wfae6-f5qNQ,Hein Recap,9290,119,3026852,H8GIzUs4iYQ,She Ditched My Birthday For Her Art Crush - Hein Recap,https://www.youtube.com/watch?v=H8GIzUs4iYQ,2026-09-30T17:02:34Z,5639.0,0,1,0,en,en,4125,118,24,2026-10-01T06:14:16.896069+00:00,2026-10-01T06:14:16.896069+00:00,1:33:59,she ditched my birthday for her art crush - hein recap,11,54,28.606060606060606,5.8181818181818175,203.3898305084746,2.860606060606061,0.5818181818181818,20,417327,20866.35,11582.0,20,544.2,326.5,20,27.45,22.0,20,2.764269455233001,2.7864566805098296,20,0.17044470848723262,0.1644883012290921,20,89901,KM6YKFEZ6AI,Leaving The Traitorous Family To Despair! - Hein Recap,1975,KM6YKFEZ6AI,Leaving The Traitorous Family To Despair! - Hein Recap,82,K2iI10BMw98,I Let The Nation Extract My Memories - Hein Recap,20,0.3561561042997755,False,20,0.3614088820826952,False,8,1.0909090909090908,False
UChIHuKSI-djAtbWK9mvHSww,Jinwoo Recap,41300,191,15216068,eC75umB-SHs,I Have A Gossip System - Jinwoo Recap,https://www.youtube.com/watch?v=eC75umB-SHs,2026-09-17T17:35:00Z,6051.0,0,1,0,en-US,en,78380,1612,63,2026-10-01T06:14:17.701864+00:00,2026-10-01T06:14:17.701864+00:00,1:40:51,i have a gossip system - jinwoo recap,8,37,20.56647103853024,0.8037764735902015,39.0818858560794,2.056647103853024,0.08037764735902016,20,540758,27037.9,22004.0,20,584.45,451.0,20,34.7,30.5,20,2.196591829543256,2.1913914131384487,20,0.1431061431342918,0.14850571341945878,20,78380,eC75umB-SHs,I Have A Gossip System - Jinwoo Recap,1612,eC75umB-SHs,I Have A Gossip System - Jinwoo Recap,76,wUPj55kldak,Zero Tolerance For Drama - Jinwoo Recap,1,3.5620796218869297,True,1,3.574279379157428,True,3,2.0655737704918034,False
UChIHuKSI-djAtbWK9mvHSww,Jinwoo Recap,41300,191,15216068,it2BKpKdNy8,I Just Want To Be A Background NPC - Jinwoo Recap,https://www.youtube.com/watch?v=it2BKpKdNy8,2026-09-14T17:38:23Z,6022.0,0,1,0,en-US,en,68142,1487,42,2026-10-01T06:14:17.701864+00:00,2026-10-01T06:14:17.701864+00:00,1:40:22,i just want to be a background npc - jinwoo recap,11,49,21.82207742655044,0.6163599542132605,28.24478816408877,2.182207742655044,0.06163599542132605,20,540758,27037.9,22004.0,20,584.45,451.0,20,34.7,30.5,20,2.196591829543256,2.1913914131384487,20,0.1431061431342918,0.14850571341945878,20,78380,eC75umB-SHs,I Have A Gossip System - Jinwoo Recap,1612,eC75umB-SHs,I Have A Gossip System - Jinwoo Recap,76,wUPj55kldak,Zero Tolerance For Drama - Jinwoo Recap,2,3.096800581712416,True,2,3.2971175166297115,True,5,1.3770491803278688,False
UChIHuKSI-djAtbWK9mvHSww,Jinwoo Recap,41300,191,15216068,ViUdX8alMys,The Arrogant Blind CEO Who Discarded Her True Savior! - Jinwoo Recap,https://www.youtube.com/watch?v=ViUdX8alMys,2026-09-19T17:37:30Z,10588.0,0,1,0,en-US,en,44313,809,71,2026-10-01T06:14:17.701864+00:00,2026-10-01T06:14:17.701864+00:00,2:56:28,the arrogant blind ceo who discarded her true savior! - jinwoo recap,12,68,18.256493579762147,1.6022386207207817,87.76266996291717,1.8256493579762147,0.16022386207207817,20,540758,27037.9,22004.0,20,584.45,451.0,20,34.7,30.5,20,2.196591829543256,2.1913914131384487,20,0.1431061431342918,0.14850571341945878,20,78380,eC75umB-SHs,I Have A Gossip System - Jinwoo Recap,1612,eC75umB-SHs,I Have A Gossip System - Jinwoo Recap,76,wUPj55kldak,Zero Tolerance For Drama - Jinwoo Recap,3,2.013861116160698,False,4,1.793791574279379,False,2,2.3278688524590163,False
UChIHuKSI-djAtbWK9mvHSww,Jinwoo Recap,41300,191,15216068,wUPj55kldak,Zero Tolerance For Drama - Jinwoo Recap,https://www.youtube.com/watch?v=wUPj55kldak,2026-09-12T17:34:33Z,5982.0,0,1,0,en-US,en,42625,1234,76,2026-10-01T06:14:17.701864+00:00,2026-10-01T06:14:17.701864+00:00,1:39:42,zero tolerance for drama - jinwoo recap,7,39,28.95014662756598,1.782991202346041,61.58833063209076,2.8950146627565982,0.1782991202346041,20,540758,27037.9,22004.0,20,584.45,451.0,20,34.7,30.5,20,2.196591829543256,2.1913914131384487,20,0.1431061431342918,0.14850571341945878,20,78380,eC75umB-SHs,I Have A Gossip System - Jinwoo Recap,1612,eC75umB-SHs,I Have A Gossip System - Jinwoo Recap,76,wUPj55kldak,Zero Tolerance For Drama - Jinwoo Recap,4,1.9371477913106707,False,3,2.7361419068736144,False,1,2.4918032786885247,False
UChIHuKSI-djAtbWK9mvHSww,Jinwoo Recap,41300,191,15216068,zgxcHXJIUJ4,My Innocent Students Turned Into Demon Lords - Jinwoo Reca[,https://www.youtube.com/watch?v=zgxcHXJIUJ4,2026-09-18T17:38:30Z,11453.0,0,1,0,en-US,en,30611,548,28,2026-10-01T06:14:17.701864+00:00,2026-10-01T06:14:17.701864+00:00,3:10:53,my innocent students turned into demon lords - jinwoo reca[,10,59,17.90206135049492,0.914703864623828,51.09489051094891,1.7902061350494922,0.0914703864623828,20,540758,27037.9,22004.0,20,584.45,451.0,20,34.7,30.5,20,2.196591829543256,2.1913914131384487,20,0.1431061431342918,0.14850571341945878,20,78380,eC75umB-SHs,I Have A Gossip System - Jinwoo Recap,1612,eC75umB-SHs,I Have A Gossip System - Jinwoo Recap,76,wUPj55kldak,Zero Tolerance For Drama - Jinwoo Recap,5,1.3911561534266497,False,7,1.2150776053215078,False,12,0.9180327868852459,False
UChIHuKSI-djAtbWK9mvHSww,Jinwoo Recap,41300,191,15216068,mHZowXumvNs,"A Billionaire Hired Me To Fake Being His Son, But His Daughters Fell In Love With Me! - Jinwoo Recap",https://www.youtube.com/watch?v=mHZowXumvNs,2026-09-24T17:38:25Z,7411.0,0,1,0,en-US,en,30256,673,38,2026-10-01T06:14:17.701864+00:00,2026-10-01T06:14:17.701864+00:00,2:03:31,"a billionaire hired me to fake being his son, but his daughters fell in love with me! - jinwoo recap",20,100,22.243521946060284,1.255949233209942,56.463595839524515,2.2243521946060283,0.1255949233209942,20,540758,27037.9,22004.0,20,584.45,451.0,20,34.7,30.5,20,2.196591829543256,2.1913914131384487,20,0.1431061431342918,0.14850571341945878,20,78380,eC75umB-SHs,I Have A Gossip System - Jinwoo Recap,1612,eC75umB-SHs,I Have A Gossip System - Jinwoo Recap,76,wUPj55kldak,Zero Tolerance For Drama - Jinwoo Recap,6,1.375022723141247,False,5,1.492239467849224,False,7,1.2459016393442623,False
UChIHuKSI-djAtbWK9mvHSww,Jinwoo Recap,41300,191,15216068,mNoIfjZzwEc,I Was Locked In My Family Closet For 8 Years - Jinwoo Reca[,https://www.youtube.com/watch?v=mNoIfjZzwEc,2026-09-20T17:37:06Z,6554.0,0,1,0,en-US,en,28452,535,57,2026-10-01T06:14:17.701864+00:00,2026-10-01T06:14:17.701864+00:00,1:49:14,i was locked in my family closet for 8 years - jinwoo reca[,13,59,18.803599044003935,2.0033741037536905,106.54205607476635,1.8803599044003936,0.20033741037536906,20,540758,27037.9,22004.0,20,584.45,451.0,20,34.7,30.5,20,2.196591829543256,2.1913914131384487,20,0.1431061431342918,0.14850571341945878,20,78380,eC75umB-SHs,I Have A Gossip System - Jinwoo Recap,1612,eC75umB-SHs,I Have A Gossip System - Jinwoo Recap,76,wUPj55kldak,Zero Tolerance For Drama - Jinwoo Recap,7,1.293037629521905,False,8,1.1862527716186253,False,4,1.8688524590163935,False
UChIHuKSI-djAtbWK9mvHSww,Jinwoo Recap,41300,191,15216068,7FM2tlQ-pCk,"I Rejected Her Twice In School, Now She Bought My Company To Force Me To Date Her! - Jinwoo Recap",https://www.youtube.com/watch?v=7FM2tlQ-pCk,2026-09-27T17:34:18Z,5382.0,0,1,0,en-US,en,26739,611,35,2026-10-01T06:14:17.701864+00:00,2026-10-01T06:14:17.701864+00:00,1:29:42,"i rejected her twice in school, now she bought my company to force me to date her! - jinwoo recap",20,97,22.850517970006358,1.3089494745502823,57.283142389525366,2.285051797000636,0.13089494745502822,20,540758,27037.9,22004.0,20,584.45,451.0,20,34.7,30.5,20,2.196591829543256,2.1913914131384487,20,0.1431061431342918,0.14850571341945878,20,78380,eC75umB-SHs,I Have A Gossip System - Jinwoo Recap,1612,eC75umB-SHs,I Have A Gossip System - Jinwoo Recap,76,wUPj55kldak,Zero Tolerance For Drama - Jinwoo Recap,8,1.2151881476095256,False,6,1.3547671840354767,False,8,1.1475409836065573,False
UChIHuKSI-djAtbWK9mvHSww,Jinwoo Recap,41300,191,15216068,F4GFzqbaqn0,How The Betrayed Husband Become A Global Star! - Jinwoo Recap,https://www.youtube.com/watch?v=F4GFzqbaqn0,2026-09-11T17:36:27Z,5606.0,0,1,0,en-US,en,24125,517,33,2026-10-01T06:14:17.701864+00:00,2026-10-01T06:14:17.701864+00:00,1:33:26,how the betrayed husband become a global star! - jinwoo recap,11,61,21.430051813471504,1.3678756476683938,63.82978723404255,2.1430051813471502,0.13678756476683937,20,540758,27037.9,22004.0,20,584.45,451.0,20,34.7,30.5,20,2.196591829543256,2.1913914131384487,20,0.1431061431342918,0.14850571341945878,20,78380,eC75umB-SHs,I Have A Gossip System - Jinwoo Recap,1612,eC75umB-SHs,I Have A Gossip System - Jinwoo Recap,76,wUPj55kldak,Zero Tolerance For Drama - Jinwoo Recap,9,1.0963915651699692,False,10,1.146341463414634,False,9,1.0819672131147542,False
UChIHuKSI-djAtbWK9mvHSww,Jinwoo Recap,41300,191,15216068,cv8G5y6XfDw,"My Dad Married A Billionaire, And Her CEO Daughter Was My Secret Online Rival! - Jinwoo Recap",https://www.youtube.com/watch?v=cv8G5y6XfDw,2026-09-22T17:37:02Z,11372.0,0,1,0,en-US,en,23225,352,18,2026-10-01T06:14:17.701864+00:00,2026-10-01T06:14:17.701864+00:00,3:09:32,"my dad married a billionaire, and her ceo daughter was my secret online rival! - jinwoo recap",17,93,15.156081808396124,0.77502691065662,51.13636363636364,1.5156081808396125,0.077502691065662,20,540758,27037.9,22004.0,20,584.45,451.0,20,34.7,30.5,20,2.196591829543256,2.1913914131384487,20,0.1431061431342918,0.14850571341945878,20,78380,eC75umB-SHs,I Have A Gossip System - Jinwoo Recap,1612,eC75umB-SHs,I Have A Gossip System - Jinwoo Recap,76,wUPj55kldak,Zero Tolerance For Drama - Jinwoo Recap,10,1.0554899109252862,False,13,0.7804878048780488,False,16,0.5901639344262295,False
UChIHuKSI-djAtbWK9mvHSww,Jinwoo Recap,41300,191,15216068,y5eUE0-4l3o,My Wife Skipped Our Son's Funeral For Her Ex - Jinwoo Recap,https://www.youtube.com/watch?v=y5eUE0-4l3o,2026-09-16T17:34:31Z,5368.0,0,1,0,en-US,en,20783,385,39,2026-10-01T06:14:17.701864+00:00,2026-10-01T06:14:17.701864+00:00,1:29:28,my wife skipped our son's funeral for her ex - jinwoo recap,12,59,18.52475581003705,1.8765337054323243,101.2987012987013,1.8524755810037048,0.18765337054323245,20,540758,27037.9,22004.0,20,584.45,451.0,20,34.7,30.5,20,2.196591829543256,2.1913914131384487,20,0.1431061431342918,0.14850571341945878,20,78380,eC75umB-SHs,I Have A Gossip System - Jinwoo Recap,1612,eC75umB-SHs,I Have A Gossip System - Jinwoo Recap,76,wUPj55kldak,Zero Tolerance For Drama - Jinwoo Recap,11,0.9445100890747137,False,11,0.8536585365853658,False,6,1.278688524590164,False
UChIHuKSI-djAtbWK9mvHSww,Jinwoo Recap,41300,191,15216068,d7F57As85l0,"NOO, My Bride Arrested My Dad At The Altar! - Jinwoo Recap",https://www.youtube.com/watch?v=d7F57As85l0,2026-09-13T17:35:23Z,5217.0,0,1,0,en-US,en,18091,531,32,2026-10-01T06:14:17.701864+00:00,2026-10-01T06:14:17.701864+00:00,1:26:57,"noo, my bride arrested my dad at the altar! - jinwoo recap",12,58,29.351611298435685,1.7688353324857664,60.263653483992464,2.9351611298435687,0.17688353324857664,20,540758,27037.9,22004.0,20,584.45,451.0,20,34.7,30.5,20,2.196591829543256,2.1913914131384487,20,0.1431061431342918,0.14850571341945878,20,78380,eC75umB-SHs,I Have A Gossip System - Jinwoo Recap,1612,eC75umB-SHs,I Have A Gossip System - Jinwoo Recap,76,wUPj55kldak,Zero Tolerance For Drama - Jinwoo Recap,12,0.8221686966006181,False,9,1.1773835920177385,False,10,1.0491803278688525,False
UChIHuKSI-djAtbWK9mvHSww,Jinwoo Recap,41300,191,15216068,SZZaMGfYJ0M,My 5-Year Devotion Was Just A Transaction To Revive My Girlfriend - Jinwoo Recap,https://www.youtube.com/watch?v=SZZaMGfYJ0M,2026-09-15T17:36:12Z,4323.0,0,1,0,en-US,en,17041,375,29,2026-10-01T06:14:17.701864+00:00,2026-10-01T06:14:17.701864+00:00,1:12:03,my 5-year devotion was just a transaction to revive my girlfriend - jinwoo recap,14,80,22.00575083621853,1.7017780646675664,77.33333333333334,2.200575083621853,0.17017780646675665,20,540758,27037.9,22004.0,20,584.45,451.0,20,34.7,30.5,20,2.196591829543256,2.1913914131384487,20,0.1431061431342918,0.14850571341945878,20,78380,eC75umB-SHs,I Have A Gossip System - Jinwoo Recap,1612,eC75umB-SHs,I Have A Gossip System - Jinwoo Recap,76,wUPj55kldak,Zero Tolerance For Drama - Jinwoo Recap,13,0.7744500999818215,False,12,0.8314855875831486,False,11,0.9508196721311475,False
UChIHuKSI-djAtbWK9mvHSww,Jinwoo Recap,41300,191,15216068,gCnlYvG4-5A,Raised A Villainess: She Went Mad! - Jinwoo Recap,https://www.youtube.com/watch?v=gCnlYvG4-5A,2026-09-25T17:37:30Z,4680.0,0,1,0,en-US,en,15848,351,18,2026-10-01T06:14:17.701864+00:00,2026-10-01T06:14:17.701864+00:00,1:18:00,raised a villainess: she went mad! - jinwoo recap,9,49,22.147905098435135,1.1357900050479555,51.28205128205128,2.2147905098435134,0.11357900050479555,20,540758,27037.9,22004.0,20,584.45,451.0,20,34.7,30.5,20,2.196591829543256,2.1913914131384487,20,0.1431061431342918,0.14850571341945878,20,78380,eC75umB-SHs,I Have A Gossip System - Jinwoo Recap,1612,eC75umB-SHs,I Have A Gossip System - Jinwoo Recap,76,wUPj55kldak,Zero Tolerance For Drama - Jinwoo Recap,14,0.7202326849663697,False,14,0.7782705099778271,False,16,0.5901639344262295,False
UChIHuKSI-djAtbWK9mvHSww,Jinwoo Recap,41300,191,15216068,ioHg-Fa7-18,I Faked Being A Trash Househusband To Divorce My Wife - Jinwoo Recap,https://www.youtube.com/watch?v=ioHg-Fa7-18,2026-09-28T17:37:12Z,5764.0,0,1,0,en-US,en,14452,346,18,2026-10-01T06:14:17.701864+00:00,2026-10-01T06:14:17.701864+00:00,1:36:04,i faked being a trash househusband to divorce my wife - jinwoo recap,13,68,23.94132300027678,1.2455023526155549,52.02312138728324,2.3941323000276777,0.1245502352615555,20,540758,27037.9,22004.0,20,584.45,451.0,20,34.7,30.5,20,2.196591829543256,2.1913914131384487,20,0.1431061431342918,0.14850571341945878,20,78380,eC75umB-SHs,I Have A Gossip System - Jinwoo Recap,1612,eC75umB-SHs,I Have A Gossip System - Jinwoo Recap,76,wUPj55kldak,Zero Tolerance For Drama - Jinwoo Recap,15,0.6567896746046173,False,15,0.7671840354767184,False,16,0.5901639344262295,False
UChIHuKSI-djAtbWK9mvHSww,Jinwoo Recap,41300,191,15216068,G7dKVCViwOc,I Rejected A Billionaire's Proposal - Jinwoo Recap,https://www.youtube.com/watch?v=G7dKVCViwOc,2026-09-23T17:38:34Z,8724.0,0,1,0,en-US,en,12810,276,28,2026-10-01T06:14:17.701864+00:00,2026-10-01T06:14:17.701864+00:00,2:25:24,i rejected a billionaire's proposal - jinwoo recap,8,50,21.545667447306794,2.185792349726776,101.44927536231884,2.1545667447306793,0.2185792349726776,20,540758,27037.9,22004.0,20,584.45,451.0,20,34.7,30.5,20,2.196591829543256,2.1913914131384487,20,0.1431061431342918,0.14850571341945878,20,78380,eC75umB-SHs,I Have A Gossip System - Jinwoo Recap,1612,eC75umB-SHs,I Have A Gossip System - Jinwoo Recap,76,wUPj55kldak,Zero Tolerance For Drama - Jinwoo Recap,16,0.5821668787493183,False,18,0.6119733924611973,False,12,0.9180327868852459,False
UChIHuKSI-djAtbWK9mvHSww,Jinwoo Recap,41300,191,15216068,kiNWc1r-6Fg,"""Broke Nobody"" Is Teacher Cas! - Jinwoo Recap",https://www.youtube.com/watch?v=kiNWc1r-6Fg,2026-09-26T17:38:20Z,4092.0,0,1,0,en-US,en,12693,299,22,2026-10-01T06:14:17.701864+00:00,2026-10-01T06:14:17.701864+00:00,1:08:12,"""broke nobody"" is teacher cas! - jinwoo recap",8,45,23.556290868982902,1.7332387930355313,73.57859531772576,2.3556290868982903,0.17332387930355314,20,540758,27037.9,22004.0,20,584.45,451.0,20,34.7,30.5,20,2.196591829543256,2.1913914131384487,20,0.1431061431342918,0.14850571341945878,20,78380,eC75umB-SHs,I Have A Gossip System - Jinwoo Recap,1612,eC75umB-SHs,I Have A Gossip System - Jinwoo Recap,76,wUPj55kldak,Zero Tolerance For Drama - Jinwoo Recap,17,0.5768496636975096,False,17,0.6629711751662971,False,14,0.7213114754098361,False
UChIHuKSI-djAtbWK9mvHSww,Jinwoo Recap,41300,191,15216068,0mlUQlBMMQY,My Runaway Billionaire Bride Escaped To A Remote Town - Jinwoo Recap,https://www.youtube.com/watch?v=0mlUQlBMMQY,2026-09-21T17:35:23Z,7497.0,0,1,0,en-US,en,12397,234,12,2026-10-01T06:14:17.701864+00:00,2026-10-01T06:14:17.701864+00:00,2:04:57,my runaway billionaire bride escaped to a remote town - jinwoo recap,12,68,18.875534403484714,0.9679761232556263,51.28205128205128,1.8875534403484713,0.09679761232556264,20,540758,27037.9,22004.0,20,584.45,451.0,20,34.7,30.5,20,2.196591829543256,2.1913914131384487,20,0.1431061431342918,0.14850571341945878,20,78380,eC75umB-SHs,I Have A Gossip System - Jinwoo Recap,1612,eC75umB-SHs,I Have A Gossip System - Jinwoo Recap,76,wUPj55kldak,Zero Tolerance For Drama - Jinwoo Recap,18,0.5633975640792583,False,19,0.5188470066518847,False,20,0.39344262295081966,False
UChIHuKSI-djAtbWK9mvHSww,Jinwoo Recap,41300,191,15216068,KyyIlVMR-1E,My Wife Demanded A Predatory Divorce - Jinwoo Recap,https://www.youtube.com/watch?v=KyyIlVMR-1E,2026-09-29T17:36:00Z,4910.0,0,1,0,en-US,en,12248,330,21,2026-10-01T06:14:17.701864+00:00,2026-10-01T06:14:17.701864+00:00,1:21:50,my wife demanded a predatory divorce - jinwoo recap,9,51,26.943174395819725,1.714565643370346,63.63636363636363,2.6943174395819725,0.1714565643370346,20,540758,27037.9,22004.0,20,584.45,451.0,20,34.7,30.5,20,2.196591829543256,2.1913914131384487,20,0.1431061431342918,0.14850571341945878,20,78380,eC75umB-SHs,I Have A Gossip System - Jinwoo Recap,1612,eC75umB-SHs,I Have A Gossip System - Jinwoo Recap,76,wUPj55kldak,Zero Tolerance For Drama - Jinwoo Recap,19,0.5566260679876386,False,16,0.7317073170731707,False,15,0.6885245901639344,False
UChIHuKSI-djAtbWK9mvHSww,Jinwoo Recap,41300,191,15216068,xHswmBIZeU4,My Parents' 7-Year Cold Marriage Shocked Everyone When Mom Chose The Fake Son! - Jinwoo Recap,https://www.youtube.com/watch?v=xHswmBIZeU4,2026-09-30T17:36:17Z,5610.0,0,1,0,en-US,en,7527,184,14,2026-10-01T06:14:17.701864+00:00,2026-10-01T06:14:17.701864+00:00,1:33:30,my parents' 7-year cold marriage shocked everyone when mom chose the fake son! - jinwoo recap,16,93,24.44533014481201,1.8599707718878704,76.08695652173914,2.444533014481201,0.18599707718878702,20,540758,27037.9,22004.0,20,584.45,451.0,20,34.7,30.5,20,2.196591829543256,2.1913914131384487,20,0.1431061431342918,0.14850571341945878,20,78380,eC75umB-SHs,I Have A Gossip System - Jinwoo Recap,1612,eC75umB-SHs,I Have A Gossip System - Jinwoo Recap,76,wUPj55kldak,Zero Tolerance For Drama - Jinwoo Recap,20,0.34207416833303034,False,20,0.4079822616407982,False,19,0.45901639344262296,False
UC4Dp5pw1_R4gv0N-FBeyB8A,Meow's Cafe,47500,1059,48033780,QfrpsGlVUoY,📕I called my GF my first love. The campus queen snapped—then found she'd erased all proof we dated!,https://www.youtube.com/watch?v=QfrpsGlVUoY,2026-09-15T21:00:25Z,2644.0,0,1,1,en,en,44630,1032,72,2026-10-01T06:14:18.684168+00:00,2026-10-01T06:14:18.684168+00:00,44:04,📕i called my gf my first love. the campus queen snapped—then found she'd erased all proof we dated!,18,99,23.12345955635223,1.6132646202106207,69.76744186046511,2.312345955635223,0.16132646202106207,20,496895,24844.75,22779.5,20,696.4,667.0,20,84.5,77.5,20,2.9124490282749016,2.7864024707032984,20,0.36146876561635277,0.3325801098969242,20,44630,QfrpsGlVUoY,📕I called my GF my first love. The campus queen snapped—then found she'd erased all proof we dated!,1137,ox8CMjoszTQ,📕My boss GF faked amnesia and asked who I was. I said “just a coworker.” She relaxed—and so did I!,192,zXeifgaRYDM,📕An intern sent pics with my CEO wife to taunt me—I called cops at their office; one line froze them,1,1.9592177176847605,False,2,1.5472263868065967,False,14,0.9290322580645162,False
UC4Dp5pw1_R4gv0N-FBeyB8A,Meow's Cafe,47500,1059,48033780,bm1vRaNE66I,"📕I left without a word; she thought I’d never last 2 days—until I unfriended her, quit, and moved!",https://www.youtube.com/watch?v=bm1vRaNE66I,2026-09-16T21:00:31Z,2936.0,0,1,1,en,en,41099,1028,114,2026-10-01T06:14:18.684168+00:00,2026-10-01T06:14:18.684168+00:00,48:56,"📕i left without a word; she thought i’d never last 2 days—until i unfriended her, quit, and moved!",18,98,25.01277403343147,2.773790116547848,110.89494163424123,2.5012774033431473,0.2773790116547848,20,496895,24844.75,22779.5,20,696.4,667.0,20,84.5,77.5,20,2.9124490282749016,2.7864024707032984,20,0.36146876561635277,0.3325801098969242,20,44630,QfrpsGlVUoY,📕I called my GF my first love. The campus queen snapped—then found she'd erased all proof we dated!,1137,ox8CMjoszTQ,📕My boss GF faked amnesia and asked who I was. I said “just a coworker.” She relaxed—and so did I!,192,zXeifgaRYDM,📕An intern sent pics with my CEO wife to taunt me—I called cops at their office; one line froze them,2,1.8042099255909918,False,3,1.5412293853073464,False,4,1.4709677419354839,False
UC4Dp5pw1_R4gv0N-FBeyB8A,Meow's Cafe,47500,1059,48033780,ox8CMjoszTQ,📕My boss GF faked amnesia and asked who I was. I said “just a coworker.” She relaxed—and so did I!,https://www.youtube.com/watch?v=ox8CMjoszTQ,2026-09-21T21:00:30Z,2361.0,0,1,1,en,en,37806,1137,124,2026-10-01T06:14:18.684168+00:00,2026-10-01T06:14:18.684168+00:00,39:21,📕my boss gf faked amnesia and asked who i was. i said “just a coworker.” she relaxed—and so did i!,20,98,30.074591334708774,3.2799026609532875,109.0589270008795,3.007459133470878,0.3279902660953288,20,496895,24844.75,22779.5,20,696.4,667.0,20,84.5,77.5,20,2.9124490282749016,2.7864024707032984,20,0.36146876561635277,0.3325801098969242,20,44630,QfrpsGlVUoY,📕I called my GF my first love. The campus queen snapped—then found she'd erased all proof we dated!,1137,ox8CMjoszTQ,📕My boss GF faked amnesia and asked who I was. I said “just a coworker.” She relaxed—and so did I!,192,zXeifgaRYDM,📕An intern sent pics with my CEO wife to taunt me—I called cops at their office; one line froze them,3,1.6596501240150134,False,1,1.7046476761619191,False,2,1.6,False
UC4Dp5pw1_R4gv0N-FBeyB8A,Meow's Cafe,47500,1059,48033780,muxk2be9b3g,"📕My GF exploded over dinner with another woman. I said, “I didn’t cheat”—her own words shut her up!",https://www.youtube.com/watch?v=muxk2be9b3g,2026-09-22T21:00:38Z,2883.0,0,1,1,en,en,36956,996,122,2026-10-01T06:14:18.684168+00:00,2026-10-01T06:14:18.684168+00:00,48:03,"📕my gf exploded over dinner with another woman. i said, “i didn’t cheat”—her own words shut her up!",18,99,26.950968719558393,3.301223076090486,122.48995983935743,2.6950968719558395,0.3301223076090486,20,496895,24844.75,22779.5,20,696.4,667.0,20,84.5,77.5,20,2.9124490282749016,2.7864024707032984,20,0.36146876561635277,0.3325801098969242,20,44630,QfrpsGlVUoY,📕I called my GF my first love. The campus queen snapped—then found she'd erased all proof we dated!,1137,ox8CMjoszTQ,📕My boss GF faked amnesia and asked who I was. I said “just a coworker.” She relaxed—and so did I!,192,zXeifgaRYDM,📕An intern sent pics with my CEO wife to taunt me—I called cops at their office; one line froze them,4,1.622335872165763,False,4,1.4932533733133433,False,3,1.5741935483870968,False
UC4Dp5pw1_R4gv0N-FBeyB8A,Meow's Cafe,47500,1059,48033780,KgZsH_ihLz0,"📕She stayed out till 3 AM; I canceled the venue, wedding, and honeymoon—she rushed home like crazy!",https://www.youtube.com/watch?v=KgZsH_ihLz0,2026-09-20T21:00:34Z,2050.0,0,1,1,en,en,32333,860,67,2026-10-01T06:14:18.684168+00:00,2026-10-01T06:14:18.684168+00:00,34:10,"📕she stayed out till 3 am; i canceled the venue, wedding, and honeymoon—she rushed home like crazy!",17,99,26.598212352704667,2.0721863111990846,77.90697674418605,2.6598212352704667,0.20721863111990846,20,496895,24844.75,22779.5,20,696.4,667.0,20,84.5,77.5,20,2.9124490282749016,2.7864024707032984,20,0.36146876561635277,0.3325801098969242,20,44630,QfrpsGlVUoY,📕I called my GF my first love. The campus queen snapped—then found she'd erased all proof we dated!,1137,ox8CMjoszTQ,📕My boss GF faked amnesia and asked who I was. I said “just a coworker.” She relaxed—and so did I!,192,zXeifgaRYDM,📕An intern sent pics with my CEO wife to taunt me—I called cops at their office; one line froze them,5,1.4193902412256634,False,6,1.2893553223388305,False,15,0.864516129032258,False
UC4Dp5pw1_R4gv0N-FBeyB8A,Meow's Cafe,47500,1059,48033780,0g2x-VQw38Q,"📕My wife said I ignored her breakup, so I brought 8 girlfriends to comfort her—she totally broke!",https://www.youtube.com/watch?v=0g2x-VQw38Q,2026-09-17T21:00:02Z,2107.0,0,1,1,en,en,30474,623,110,2026-10-01T06:14:18.684168+00:00,2026-10-01T06:14:18.684168+00:00,35:07,"📕my wife said i ignored her breakup, so i brought 8 girlfriends to comfort her—she totally broke!",17,97,20.443656887838813,3.609634442475553,176.56500802568218,2.0443656887838815,0.3609634442475553,20,496895,24844.75,22779.5,20,696.4,667.0,20,84.5,77.5,20,2.9124490282749016,2.7864024707032984,20,0.36146876561635277,0.3325801098969242,20,44630,QfrpsGlVUoY,📕I called my GF my first love. The campus queen snapped—then found she'd erased all proof we dated!,1137,ox8CMjoszTQ,📕My boss GF faked amnesia and asked who I was. I said “just a coworker.” She relaxed—and so did I!,192,zXeifgaRYDM,📕An intern sent pics with my CEO wife to taunt me—I called cops at their office; one line froze them,6,1.3377817774753615,False,12,0.9340329835082459,False,5,1.4193548387096775,False
UC4Dp5pw1_R4gv0N-FBeyB8A,Meow's Cafe,47500,1059,48033780,t6_zHlXB39o,📕My wife brought her sick first love home and told me not to worry—so I took in my longtime crush!,https://www.youtube.com/watch?v=t6_zHlXB39o,2026-09-27T21:00:37Z,1948.0,0,1,1,en,en,27674,673,77,2026-10-01T06:14:18.684168+00:00,2026-10-01T06:14:18.684168+00:00,32:28,📕my wife brought her sick first love home and told me not to worry—so i took in my longtime crush!,20,98,24.31885524318855,2.78239502782395,114.41307578008914,2.4318855243188553,0.278239502782395,20,496895,24844.75,22779.5,20,696.4,667.0,20,84.5,77.5,20,2.9124490282749016,2.7864024707032984,20,0.36146876561635277,0.3325801098969242,20,44630,QfrpsGlVUoY,📕I called my GF my first love. The campus queen snapped—then found she'd erased all proof we dated!,1137,ox8CMjoszTQ,📕My boss GF faked amnesia and asked who I was. I said “just a coworker.” She relaxed—and so did I!,192,zXeifgaRYDM,📕An intern sent pics with my CEO wife to taunt me—I called cops at their office; one line froze them,7,1.2148642419719484,False,10,1.0089955022488755,False,11,0.9935483870967742,False
UC4Dp5pw1_R4gv0N-FBeyB8A,Meow's Cafe,47500,1059,48033780,iJ3SMkaAa1M,"📕My fiancée sent a pregnancy test, then unsent it. When she came back for me, I’d married someone!",https://www.youtube.com/watch?v=iJ3SMkaAa1M,2026-09-27T14:00:31Z,4209.0,0,1,1,en,en,26203,682,89,2026-10-01T06:14:18.684168+00:00,2026-10-01T06:14:18.684168+00:00,1:10:09,"📕my fiancée sent a pregnancy test, then unsent it. when she came back for me, i’d married someone!",18,98,26.027554096859138,3.3965576460710607,130.49853372434018,2.602755409685914,0.33965576460710606,20,496895,24844.75,22779.5,20,696.4,667.0,20,84.5,77.5,20,2.9124490282749016,2.7864024707032984,20,0.36146876561635277,0.3325801098969242,20,44630,QfrpsGlVUoY,📕I called my GF my first love. The campus queen snapped—then found she'd erased all proof we dated!,1137,ox8CMjoszTQ,📕My boss GF faked amnesia and asked who I was. I said “just a coworker.” She relaxed—and so did I!,192,zXeifgaRYDM,📕An intern sent pics with my CEO wife to taunt me—I called cops at their office; one line froze them,8,1.150288636712834,False,9,1.0224887556221889,False,7,1.1483870967741936,False
UC4Dp5pw1_R4gv0N-FBeyB8A,Meow's Cafe,47500,1059,48033780,5uu-bOF5LT0,"📕My GF left with another guy, said her flight was delayed—then her Uber arrived: me, driving her car",https://www.youtube.com/watch?v=5uu-bOF5LT0,2026-09-24T21:00:21Z,2455.0,0,1,1,en,en,24757,703,78,2026-10-01T06:14:18.684168+00:00,2026-10-01T06:14:18.684168+00:00,40:55,"📕my gf left with another guy, said her flight was delayed—then her uber arrived: me, driving her car",18,100,28.3960092095165,3.15062406592075,110.95305832147938,2.83960092095165,0.31506240659207496,20,496895,24844.75,22779.5,20,696.4,667.0,20,84.5,77.5,20,2.9124490282749016,2.7864024707032984,20,0.36146876561635277,0.3325801098969242,20,44630,QfrpsGlVUoY,📕I called my GF my first love. The campus queen snapped—then found she'd erased all proof we dated!,1137,ox8CMjoszTQ,📕My boss GF faked amnesia and asked who I was. I said “just a coworker.” She relaxed—and so did I!,192,zXeifgaRYDM,📕An intern sent pics with my CEO wife to taunt me—I called cops at their office; one line froze them,9,1.0868105094492855,False,8,1.0539730134932535,False,9,1.0064516129032257,False
UC4Dp5pw1_R4gv0N-FBeyB8A,Meow's Cafe,47500,1059,48033780,zXeifgaRYDM,📕An intern sent pics with my CEO wife to taunt me—I called cops at their office; one line froze them,https://www.youtube.com/watch?v=zXeifgaRYDM,2026-09-20T14:00:27Z,6015.0,0,1,1,en,en,22875,931,192,2026-10-01T06:14:18.684168+00:00,2026-10-01T06:14:18.684168+00:00,1:40:15,📕an intern sent pics with my ceo wife to taunt me—i called cops at their office; one line froze them,20,100,40.69945355191257,8.39344262295082,206.22986036519873,4.0699453551912566,0.8393442622950821,20,496895,24844.75,22779.5,20,696.4,667.0,20,84.5,77.5,20,2.9124490282749016,2.7864024707032984,20,0.36146876561635277,0.3325801098969242,20,44630,QfrpsGlVUoY,📕I called my GF my first love. The campus queen snapped—then found she'd erased all proof we dated!,1137,ox8CMjoszTQ,📕My boss GF faked amnesia and asked who I was. I said “just a coworker.” She relaxed—and so did I!,192,zXeifgaRYDM,📕An intern sent pics with my CEO wife to taunt me—I called cops at their office; one line froze them,10,1.004192365943063,False,5,1.3958020989505247,False,1,2.47741935483871,False
UC4Dp5pw1_R4gv0N-FBeyB8A,Meow's Cafe,47500,1059,48033780,5a5Js5uVK5M,"📕Once I learned the plot, I let my wife see her first love—even told her to dress sexier. She froze!",https://www.youtube.com/watch?v=5a5Js5uVK5M,2026-09-29T21:00:03Z,2351.0,0,1,1,en,en,22684,620,76,2026-10-01T06:14:18.684168+00:00,2026-10-01T06:14:18.684168+00:00,39:11,"📕once i learned the plot, i let my wife see her first love—even told her to dress sexier. she froze!",20,100,27.33204020454946,3.3503791218479986,122.58064516129032,2.7332040204549464,0.33503791218479984,20,496895,24844.75,22779.5,20,696.4,667.0,20,84.5,77.5,20,2.9124490282749016,2.7864024707032984,20,0.36146876561635277,0.3325801098969242,20,44630,QfrpsGlVUoY,📕I called my GF my first love. The campus queen snapped—then found she'd erased all proof we dated!,1137,ox8CMjoszTQ,📕My boss GF faked amnesia and asked who I was. I said “just a coworker.” She relaxed—and so did I!,192,zXeifgaRYDM,📕An intern sent pics with my CEO wife to taunt me—I called cops at their office; one line froze them,11,0.9958076340569372,False,13,0.9295352323838081,False,12,0.9806451612903225,False
UC4Dp5pw1_R4gv0N-FBeyB8A,Meow's Cafe,47500,1059,48033780,KH8DW60j-3o,"📕After we reconciled, I stopped chasing her. She proposed—my revenge began at city hall",https://www.youtube.com/watch?v=KH8DW60j-3o,2026-09-26T21:00:26Z,2324.0,0,1,1,en,en,19822,519,89,2026-10-01T06:14:18.684168+00:00,2026-10-01T06:14:18.684168+00:00,38:44,"📕after we reconciled, i stopped chasing her. she proposed—my revenge began at city hall",14,87,26.183028957723742,4.48996064978307,171.48362235067438,2.618302895772374,0.44899606497830696,20,496895,24844.75,22779.5,20,696.4,667.0,20,84.5,77.5,20,2.9124490282749016,2.7864024707032984,20,0.36146876561635277,0.3325801098969242,20,44630,QfrpsGlVUoY,📕I called my GF my first love. The campus queen snapped—then found she'd erased all proof we dated!,1137,ox8CMjoszTQ,📕My boss GF faked amnesia and asked who I was. I said “just a coworker.” She relaxed—and so did I!,192,zXeifgaRYDM,📕An intern sent pics with my CEO wife to taunt me—I called cops at their office; one line froze them,12,0.8701683531245199,False,15,0.7781109445277361,False,7,1.1483870967741936,False
UC4Dp5pw1_R4gv0N-FBeyB8A,Meow's Cafe,47500,1059,48033780,V_oeQsmasFM,"📕My wife cheated with her bestie’s boyfriend; her bestie proposed revenge, but her method stunned me",https://www.youtube.com/watch?v=V_oeQsmasFM,2026-09-18T21:00:11Z,2170.0,0,1,1,en,en,19153,446,36,2026-10-01T06:14:18.684168+00:00,2026-10-01T06:14:18.684168+00:00,36:10,"📕my wife cheated with her bestie’s boyfriend; her bestie proposed revenge, but her method stunned me",16,100,23.286169268521903,1.8796011068762073,80.71748878923766,2.3286169268521903,0.18796011068762075,20,496895,24844.75,22779.5,20,696.4,667.0,20,84.5,77.5,20,2.9124490282749016,2.7864024707032984,20,0.36146876561635277,0.3325801098969242,20,44630,QfrpsGlVUoY,📕I called my GF my first love. The campus queen snapped—then found she'd erased all proof we dated!,1137,ox8CMjoszTQ,📕My boss GF faked amnesia and asked who I was. I said “just a coworker.” She relaxed—and so did I!,192,zXeifgaRYDM,📕An intern sent pics with my CEO wife to taunt me—I called cops at their office; one line froze them,13,0.8407998419631686,False,19,0.6686656671664168,False,19,0.4645161290322581,False
UC4Dp5pw1_R4gv0N-FBeyB8A,Meow's Cafe,47500,1059,48033780,MAl1JDkhEUQ,📕My rich ex-wife brought our son to take me back—only to find me living my best life without them!,https://www.youtube.com/watch?v=MAl1JDkhEUQ,2026-09-19T21:00:16Z,2543.0,0,1,1,en,en,18717,661,78,2026-10-01T06:14:18.684168+00:00,2026-10-01T06:14:18.684168+00:00,42:23,📕my rich ex-wife brought our son to take me back—only to find me living my best life without them!,19,98,35.31548859325746,4.167334508735374,118.00302571860817,3.5315488593257465,0.4167334508735374,20,496895,24844.75,22779.5,20,696.4,667.0,20,84.5,77.5,20,2.9124490282749016,2.7864024707032984,20,0.36146876561635277,0.3325801098969242,20,44630,QfrpsGlVUoY,📕I called my GF my first love. The campus queen snapped—then found she'd erased all proof we dated!,1137,ox8CMjoszTQ,📕My boss GF faked amnesia and asked who I was. I said “just a coworker.” She relaxed—and so did I!,192,zXeifgaRYDM,📕An intern sent pics with my CEO wife to taunt me—I called cops at their office; one line froze them,14,0.8216598257204943,False,11,0.9910044977511244,False,9,1.0064516129032257,False
UC4Dp5pw1_R4gv0N-FBeyB8A,Meow's Cafe,47500,1059,48033780,5FY8SsRjahk,📕I charged my wife every time her fl taunted me—then she panicked when our daughter and I moved on!,https://www.youtube.com/watch?v=5FY8SsRjahk,2026-09-28T21:00:34Z,2498.0,0,1,1,en,en,18484,730,73,2026-10-01T06:14:18.684168+00:00,2026-10-01T06:14:18.684168+00:00,41:38,📕i charged my wife every time her fl taunted me—then she panicked when our daughter and i moved on!,19,99,39.49361610041117,3.949361610041117,100.0,3.949361610041117,0.39493616100411166,20,496895,24844.75,22779.5,20,696.4,667.0,20,84.5,77.5,20,2.9124490282749016,2.7864024707032984,20,0.36146876561635277,0.3325801098969242,20,44630,QfrpsGlVUoY,📕I called my GF my first love. The campus queen snapped—then found she'd erased all proof we dated!,1137,ox8CMjoszTQ,📕My boss GF faked amnesia and asked who I was. I said “just a coworker.” She relaxed—and so did I!,192,zXeifgaRYDM,📕An intern sent pics with my CEO wife to taunt me—I called cops at their office; one line froze them,15,0.8114313308018174,False,7,1.0944527736131935,False,13,0.9419354838709677,False
UC4Dp5pw1_R4gv0N-FBeyB8A,Meow's Cafe,47500,1059,48033780,eHVZ1yAvKsA,📕Her new admirer warned me not to hurt my childhood sweetheart. I laughed—hurt her? She’s insane!,https://www.youtube.com/watch?v=eHVZ1yAvKsA,2026-09-23T21:00:06Z,3359.0,0,1,1,en,en,17767,583,56,2026-10-01T06:14:18.684168+00:00,2026-10-01T06:14:18.684168+00:00,55:59,📕her new admirer warned me not to hurt my childhood sweetheart. i laughed—hurt her? she’s insane!,16,97,32.81364327123318,3.1519108459503573,96.05488850771869,3.2813643271233186,0.31519108459503575,20,496895,24844.75,22779.5,20,696.4,667.0,20,84.5,77.5,20,2.9124490282749016,2.7864024707032984,20,0.36146876561635277,0.3325801098969242,20,44630,QfrpsGlVUoY,📕I called my GF my first love. The campus queen snapped—then found she'd erased all proof we dated!,1137,ox8CMjoszTQ,📕My boss GF faked amnesia and asked who I was. I said “just a coworker.” She relaxed—and so did I!,192,zXeifgaRYDM,📕An intern sent pics with my CEO wife to taunt me—I called cops at their office; one line froze them,16,0.7799556618889791,False,14,0.8740629685157422,False,17,0.7225806451612903,False
UC4Dp5pw1_R4gv0N-FBeyB8A,Meow's Cafe,47500,1059,48033780,a1V0vi-5fEk,"📕My ex failed to marry rich, saw me on TV and wanted me back—then the next shot made her break down!",https://www.youtube.com/watch?v=a1V0vi-5fEk,2026-09-26T14:00:26Z,4727.0,0,1,1,en,en,16508,471,47,2026-10-01T06:14:18.684168+00:00,2026-10-01T06:14:18.684168+00:00,1:18:47,"📕my ex failed to marry rich, saw me on tv and wanted me back—then the next shot made her break down!",21,100,28.5316210322268,2.8471044342137146,99.78768577494692,2.85316210322268,0.2847104434213715,20,496895,24844.75,22779.5,20,696.4,667.0,20,84.5,77.5,20,2.9124490282749016,2.7864024707032984,20,0.36146876561635277,0.3325801098969242,20,44630,QfrpsGlVUoY,📕I called my GF my first love. The campus queen snapped—then found she'd erased all proof we dated!,1137,ox8CMjoszTQ,📕My boss GF faked amnesia and asked who I was. I said “just a coworker.” She relaxed—and so did I!,192,zXeifgaRYDM,📕An intern sent pics with my CEO wife to taunt me—I called cops at their office; one line froze them,17,0.7246866700322658,False,16,0.7061469265367316,False,18,0.6064516129032258,False
UC4Dp5pw1_R4gv0N-FBeyB8A,Meow's Cafe,47500,1059,48033780,YqWAnbgwisA,"📕She married him, then realized she loved me. I smiled and told her why I chased her—she broke!",https://www.youtube.com/watch?v=YqWAnbgwisA,2026-09-25T21:00:21Z,2710.0,0,1,1,en,en,15502,469,62,2026-10-01T06:14:18.684168+00:00,2026-10-01T06:14:18.684168+00:00,45:10,"📕she married him, then realized she loved me. i smiled and told her why i chased her—she broke!",18,95,30.254160753451167,3.9994839375564446,132.1961620469083,3.0254160753451167,0.39994839375564445,20,496895,24844.75,22779.5,20,696.4,667.0,20,84.5,77.5,20,2.9124490282749016,2.7864024707032984,20,0.36146876561635277,0.3325801098969242,20,44630,QfrpsGlVUoY,📕I called my GF my first love. The campus queen snapped—then found she'd erased all proof we dated!,1137,ox8CMjoszTQ,📕My boss GF faked amnesia and asked who I was. I said “just a coworker.” She relaxed—and so did I!,192,zXeifgaRYDM,📕An intern sent pics with my CEO wife to taunt me—I called cops at their office; one line froze them,18,0.6805241554906825,False,17,0.7031484257871065,False,16,0.8,False
UC4Dp5pw1_R4gv0N-FBeyB8A,Meow's Cafe,47500,1059,48033780,isihpc5r1UA,📕I left her with nothing; she thought that was revenge—until her first love ditched her for this!,https://www.youtube.com/watch?v=isihpc5r1UA,2026-09-19T14:00:09Z,4857.0,0,1,1,en,en,15295,455,98,2026-10-01T06:14:18.684168+00:00,2026-10-01T06:14:18.684168+00:00,1:20:57,📕i left her with nothing; she thought that was revenge—until her first love ditched her for this!,17,97,29.748283752860413,6.407322654462242,215.3846153846154,2.9748283752860414,0.6407322654462242,20,496895,24844.75,22779.5,20,696.4,667.0,20,84.5,77.5,20,2.9124490282749016,2.7864024707032984,20,0.36146876561635277,0.3325801098969242,20,44630,QfrpsGlVUoY,📕I called my GF my first love. The campus queen snapped—then found she'd erased all proof we dated!,1137,ox8CMjoszTQ,📕My boss GF faked amnesia and asked who I was. I said “just a coworker.” She relaxed—and so did I!,192,zXeifgaRYDM,📕An intern sent pics with my CEO wife to taunt me—I called cops at their office; one line froze them,19,0.6714370376873944,False,18,0.6821589205397302,False,6,1.264516129032258,False
UC4Dp5pw1_R4gv0N-FBeyB8A,Meow's Cafe,47500,1059,48033780,etDjkgcRGNo,"📕The college girl I kept said she was shy—I caught her with another guy. Fine, her roomie’s my type",https://www.youtube.com/watch?v=etDjkgcRGNo,2026-09-30T21:01:01Z,3045.0,0,1,1,en,en,8156,309,30,2026-10-01T06:14:18.684168+00:00,2026-10-01T06:14:18.684168+00:00,50:45,"📕the college girl i kept said she was shy—i caught her with another guy. fine, her roomie’s my type",19,99,37.88621873467386,3.678273663560569,97.08737864077669,3.7886218734673864,0.3678273663560569,20,496895,24844.75,22779.5,20,696.4,667.0,20,84.5,77.5,20,2.9124490282749016,2.7864024707032984,20,0.36146876561635277,0.3325801098969242,20,44630,QfrpsGlVUoY,📕I called my GF my first love. The campus queen snapped—then found she'd erased all proof we dated!,1137,ox8CMjoszTQ,📕My boss GF faked amnesia and asked who I was. I said “just a coworker.” She relaxed—and so did I!,192,zXeifgaRYDM,📕An intern sent pics with my CEO wife to taunt me—I called cops at their office; one line froze them,20,0.35804122127351345,False,20,0.46326836581709147,False,20,0.3870967741935484,False
UCeLOCj__efnDzhPUu7tlOWg,Yee Lovestory,43000,245,14151407,3DwZyWBN31A,Reborn: My Whole Rich Family Can Hear My Mind—Now I'm Somehow the Most Spoiled Favorite in the House,https://www.youtube.com/watch?v=3DwZyWBN31A,2026-06-12T00:00:35Z,2575.0,0,22,0,en,en-US,797070,16943,410,2026-10-01T06:14:19.535343+00:00,2026-10-01T06:14:19.535343+00:00,42:55,reborn: my whole rich family can hear my mind—now i'm somehow the most spoiled favorite in the house,18,100,21.256602305945524,0.514383931147829,24.19878415864959,2.1256602305945527,0.0514383931147829,20,3325008,166250.4,75548.0,20,3844.8,2140.5,20,239.25,165.0,20,2.5995243776419037,2.6582881485017875,20,0.22751689332175182,0.162733939660102,20,797070,3DwZyWBN31A,Reborn: My Whole Rich Family Can Hear My Mind—Now I'm Somehow the Most Spoiled Favorite in the House,16943,3DwZyWBN31A,Reborn: My Whole Rich Family Can Hear My Mind—Now I'm Somehow the Most Spoiled Favorite in the House,1205,jCMa8FP8eqo,Reborn: I Chose the Cute Heiress Instead of the Driver's Daughter—but Now She Rues,1,10.550510933446287,True,1,7.915440317682784,True,2,2.484848484848485,False
UCeLOCj__efnDzhPUu7tlOWg,Yee Lovestory,43000,245,14151407,jCMa8FP8eqo,Reborn: I Chose the Cute Heiress Instead of the Driver's Daughter—but Now She Rues,https://www.youtube.com/watch?v=jCMa8FP8eqo,2026-06-11T03:00:29Z,7474.0,0,22,0,en,en-US,722874,13178,1205,2026-10-01T06:14:19.535343+00:00,2026-10-01T06:14:19.535343+00:00,2:04:34,reborn: i chose the cute heiress instead of the driver's daughter—but now she rues,14,82,18.230009655901306,1.6669571737259883,91.44027925330096,1.8230009655901305,0.1666957173725988,20,3325008,166250.4,75548.0,20,3844.8,2140.5,20,239.25,165.0,20,2.5995243776419037,2.6582881485017875,20,0.22751689332175182,0.162733939660102,20,797070,3DwZyWBN31A,Reborn: My Whole Rich Family Can Hear My Mind—Now I'm Somehow the Most Spoiled Favorite in the House,16943,3DwZyWBN31A,Reborn: My Whole Rich Family Can Hear My Mind—Now I'm Somehow the Most Spoiled Favorite in the House,1205,jCMa8FP8eqo,Reborn: I Chose the Cute Heiress Instead of the Driver's Daughter—but Now She Rues,2,9.568406840684068,True,2,6.156505489371642,True,1,7.303030303030303,True
UCeLOCj__efnDzhPUu7tlOWg,Yee Lovestory,43000,245,14151407,EzPOGE4xXow,"Reborn: I Choose My Devoted CEO Wife & Daughter over My Crush, Towards a Happy Ending",https://www.youtube.com/watch?v=EzPOGE4xXow,2026-03-11T00:00:17Z,8463.0,0,22,0,en,en-US,300941,7013,313,2026-10-01T06:14:19.535343+00:00,2026-10-01T06:14:19.535343+00:00,2:21:03,"reborn: i choose my devoted ceo wife & daughter over my crush, towards a happy ending",16,85,23.303571131882993,1.0400709773676569,44.63139883074291,2.3303571131882994,0.10400709773676568,20,3325008,166250.4,75548.0,20,3844.8,2140.5,20,239.25,165.0,20,2.5995243776419037,2.6582881485017875,20,0.22751689332175182,0.162733939660102,20,797070,3DwZyWBN31A,Reborn: My Whole Rich Family Can Hear My Mind—Now I'm Somehow the Most Spoiled Favorite in the House,16943,3DwZyWBN31A,Reborn: My Whole Rich Family Can Hear My Mind—Now I'm Somehow the Most Spoiled Favorite in the House,1205,jCMa8FP8eqo,Reborn: I Chose the Cute Heiress Instead of the Driver's Daughter—but Now She Rues,3,3.983440991157939,True,3,3.276337304368138,True,4,1.896969696969697,False
UCeLOCj__efnDzhPUu7tlOWg,Yee Lovestory,43000,245,14151407,En3LA6oNvzs,Reborn: My 6 Beautiful Sisters & Parents Can Hear My Thoughts—but Now They Regret It!,https://www.youtube.com/watch?v=En3LA6oNvzs,2026-03-20T00:00:31Z,7801.0,0,22,0,en,en-US,237618,5681,377,2026-10-01T06:14:19.535343+00:00,2026-10-01T06:14:19.535343+00:00,2:10:01,reborn: my 6 beautiful sisters & parents can hear my thoughts—but now they regret it!,15,85,23.908121438611555,1.5865801412350915,66.36155606407323,2.3908121438611554,0.15865801412350916,20,3325008,166250.4,75548.0,20,3844.8,2140.5,20,239.25,165.0,20,2.5995243776419037,2.6582881485017875,20,0.22751689332175182,0.162733939660102,20,797070,3DwZyWBN31A,Reborn: My Whole Rich Family Can Hear My Mind—Now I'm Somehow the Most Spoiled Favorite in the House,16943,3DwZyWBN31A,Reborn: My Whole Rich Family Can Hear My Mind—Now I'm Somehow the Most Spoiled Favorite in the House,1205,jCMa8FP8eqo,Reborn: I Chose the Cute Heiress Instead of the Driver's Daughter—but Now She Rues,4,3.14525864351141,True,5,2.6540527914038776,False,3,2.2848484848484847,False
UCeLOCj__efnDzhPUu7tlOWg,Yee Lovestory,43000,245,14151407,fno_FBKY0sE,Reborn: My 5 Beautiful Sisters Can Hear My Thoughts—but Now They Regret It!,https://www.youtube.com/watch?v=fno_FBKY0sE,2026-03-08T01:00:49Z,5545.0,0,22,0,en,en-US,227908,5961,228,2026-10-01T06:14:19.535343+00:00,2026-10-01T06:14:19.535343+00:00,1:32:25,reborn: my 5 beautiful sisters can hear my thoughts—but now they regret it!,13,75,26.155290731347737,1.0004036716569844,38.24861600402617,2.615529073134774,0.10004036716569843,20,3325008,166250.4,75548.0,20,3844.8,2140.5,20,239.25,165.0,20,2.5995243776419037,2.6582881485017875,20,0.22751689332175182,0.162733939660102,20,797070,3DwZyWBN31A,Reborn: My Whole Rich Family Can Hear My Mind—Now I'm Somehow the Most Spoiled Favorite in the House,16943,3DwZyWBN31A,Reborn: My Whole Rich Family Can Hear My Mind—Now I'm Somehow the Most Spoiled Favorite in the House,1205,jCMa8FP8eqo,Reborn: I Chose the Cute Heiress Instead of the Driver's Daughter—but Now She Rues,5,3.0167310848731934,True,4,2.7848633496846533,False,7,1.3818181818181818,False
UCeLOCj__efnDzhPUu7tlOWg,Yee Lovestory,43000,245,14151407,ZS_4Ej66uDM,"Reborn: My Entire Family Betrayed Me for the Fake Heir, so I Married the Sweet Heiress—Now They Rue!",https://www.youtube.com/watch?v=ZS_4Ej66uDM,2026-03-16T00:00:40Z,6714.0,0,22,0,en,en-US,128570,2959,182,2026-10-01T06:14:19.535343+00:00,2026-10-01T06:14:19.535343+00:00,1:51:54,"reborn: my entire family betrayed me for the fake heir, so i married the sweet heiress—now they rue!",18,100,23.014700163335146,1.4155712841253794,61.50726596823252,2.3014700163335147,0.14155712841253792,20,3325008,166250.4,75548.0,20,3844.8,2140.5,20,239.25,165.0,20,2.5995243776419037,2.6582881485017875,20,0.22751689332175182,0.162733939660102,20,797070,3DwZyWBN31A,Reborn: My Whole Rich Family Can Hear My Mind—Now I'm Somehow the Most Spoiled Favorite in the House,16943,3DwZyWBN31A,Reborn: My Whole Rich Family Can Hear My Mind—Now I'm Somehow the Most Spoiled Favorite in the House,1205,jCMa8FP8eqo,Reborn: I Chose the Cute Heiress Instead of the Driver's Daughter—but Now She Rues,6,1.7018319479006725,False,6,1.3823872926886243,False,9,1.103030303030303,False
UCeLOCj__efnDzhPUu7tlOWg,Yee Lovestory,43000,245,14151407,K4I3MC4bAvo,"Reborn: I Chose My Loyal Heiress Girlfriend Over My Cheating Crush, Leading to a Happy Ending",https://www.youtube.com/watch?v=K4I3MC4bAvo,2026-03-13T00:00:21Z,6533.0,0,22,0,en,en-US,104986,2509,128,2026-10-01T06:14:19.535343+00:00,2026-10-01T06:14:19.535343+00:00,1:48:53,"reborn: i chose my loyal heiress girlfriend over my cheating crush, leading to a happy ending",16,93,23.898424551845007,1.2192101804050064,51.01634117178159,2.389842455184501,0.12192101804050064,20,3325008,166250.4,75548.0,20,3844.8,2140.5,20,239.25,165.0,20,2.5995243776419037,2.6582881485017875,20,0.22751689332175182,0.162733939660102,20,797070,3DwZyWBN31A,Reborn: My Whole Rich Family Can Hear My Mind—Now I'm Somehow the Most Spoiled Favorite in the House,16943,3DwZyWBN31A,Reborn: My Whole Rich Family Can Hear My Mind—Now I'm Somehow the Most Spoiled Favorite in the House,1205,jCMa8FP8eqo,Reborn: I Chose the Cute Heiress Instead of the Driver's Daughter—but Now She Rues,7,1.3896595541907133,False,8,1.1721560383088063,False,15,0.7757575757575758,False
UCeLOCj__efnDzhPUu7tlOWg,Yee Lovestory,43000,245,14151407,w10fgdwiuFI,Reborn: My Sexy Heiress Fiancée Overheard My Thoughts While Breaking Our Engagement—Now She Rues!,https://www.youtube.com/watch?v=w10fgdwiuFI,2026-03-03T01:01:07Z,5196.0,0,22,0,en,en-US,93773,2840,146,2026-10-01T06:14:19.535343+00:00,2026-10-01T06:14:19.535343+00:00,1:26:36,reborn: my sexy heiress fiancée overheard my thoughts while breaking our engagement—now she rues!,14,97,30.285903191750293,1.556951361266036,51.40845070422535,3.0285903191750294,0.1556951361266036,20,3325008,166250.4,75548.0,20,3844.8,2140.5,20,239.25,165.0,20,2.5995243776419037,2.6582881485017875,20,0.22751689332175182,0.162733939660102,20,797070,3DwZyWBN31A,Reborn: My Whole Rich Family Can Hear My Mind—Now I'm Somehow the Most Spoiled Favorite in the House,16943,3DwZyWBN31A,Reborn: My Whole Rich Family Can Hear My Mind—Now I'm Somehow the Most Spoiled Favorite in the House,1205,jCMa8FP8eqo,Reborn: I Chose the Cute Heiress Instead of the Driver's Daughter—but Now She Rues,8,1.2412373590300207,False,7,1.3267928054192946,False,12,0.8848484848484849,False
UCeLOCj__efnDzhPUu7tlOWg,Yee Lovestory,43000,245,14151407,q-ZoiMxj4DI,"My CEO Wife & Daughter All Betrayed Me For My Half-brother, so I Wed the Sweet Heiress—Now They Rue!",https://www.youtube.com/watch?v=q-ZoiMxj4DI,2026-03-18T00:01:05Z,6458.0,0,22,0,en,en-US,87245,2264,255,2026-10-01T06:14:19.535343+00:00,2026-10-01T06:14:19.535343+00:00,1:47:38,"my ceo wife & daughter all betrayed me for my half-brother, so i wed the sweet heiress—now they rue!",19,100,25.949911169694538,2.922803599060118,112.63250883392226,2.594991116969454,0.2922803599060118,20,3325008,166250.4,75548.0,20,3844.8,2140.5,20,239.25,165.0,20,2.5995243776419037,2.6582881485017875,20,0.22751689332175182,0.162733939660102,20,797070,3DwZyWBN31A,Reborn: My Whole Rich Family Can Hear My Mind—Now I'm Somehow the Most Spoiled Favorite in the House,16943,3DwZyWBN31A,Reborn: My Whole Rich Family Can Hear My Mind—Now I'm Somehow the Most Spoiled Favorite in the House,1205,jCMa8FP8eqo,Reborn: I Chose the Cute Heiress Instead of the Driver's Daughter—but Now She Rues,9,1.1548287181659342,False,9,1.0576967998131277,False,5,1.5454545454545454,False
UCeLOCj__efnDzhPUu7tlOWg,Yee Lovestory,43000,245,14151407,mXMg15RcleU,Reborn: My 6 Sisters & Fiancée All Betrayed Me for The Fake Heir—so I Wed the Sexy CEO—Now They Rue!,https://www.youtube.com/watch?v=mXMg15RcleU,2026-03-19T00:01:03Z,7381.0,0,22,0,en,en-US,75580,1976,120,2026-10-01T06:14:19.535343+00:00,2026-10-01T06:14:19.535343+00:00,2:03:01,reborn: my 6 sisters & fiancée all betrayed me for the fake heir—so i wed the sexy ceo—now they rue!,20,100,26.14448266737232,1.587721619476052,60.72874493927125,2.614448266737232,0.15877216194760518,20,3325008,166250.4,75548.0,20,3844.8,2140.5,20,239.25,165.0,20,2.5995243776419037,2.6582881485017875,20,0.22751689332175182,0.162733939660102,20,797070,3DwZyWBN31A,Reborn: My Whole Rich Family Can Hear My Mind—Now I'm Somehow the Most Spoiled Favorite in the House,16943,3DwZyWBN31A,Reborn: My Whole Rich Family Can Hear My Mind—Now I'm Somehow the Most Spoiled Favorite in the House,1205,jCMa8FP8eqo,Reborn: I Chose the Cute Heiress Instead of the Driver's Daughter—but Now She Rues,10,1.0004235717689416,False,14,0.9231487970100444,False,17,0.7272727272727273,False
UCeLOCj__efnDzhPUu7tlOWg,Yee Lovestory,43000,245,14151407,MDkKEuypcyc,"I Can Hear My Sexy CEO Wife's Thoughts—She Acts Cold, but Secretly Plans to Trap Me Forever?!",https://www.youtube.com/watch?v=MDkKEuypcyc,2026-03-14T00:00:35Z,5615.0,0,22,0,en,en-US,75516,2081,108,2026-10-01T06:14:19.535343+00:00,2026-10-01T06:14:19.535343+00:00,1:33:35,"i can hear my sexy ceo wife's thoughts—she acts cold, but secretly plans to trap me forever?!",17,93,27.55707399756343,1.430160495788972,51.89812590100913,2.755707399756343,0.1430160495788972,20,3325008,166250.4,75548.0,20,3844.8,2140.5,20,239.25,165.0,20,2.5995243776419037,2.6582881485017875,20,0.22751689332175182,0.162733939660102,20,797070,3DwZyWBN31A,Reborn: My Whole Rich Family Can Hear My Mind—Now I'm Somehow the Most Spoiled Favorite in the House,16943,3DwZyWBN31A,Reborn: My Whole Rich Family Can Hear My Mind—Now I'm Somehow the Most Spoiled Favorite in the House,1205,jCMa8FP8eqo,Reborn: I Chose the Cute Heiress Instead of the Driver's Daughter—but Now She Rues,11,0.9995764282310584,False,13,0.9722027563653352,False,18,0.6545454545454545,False
UCeLOCj__efnDzhPUu7tlOWg,Yee Lovestory,43000,245,14151407,quzxCFm07zM,"My CEO Wife Gave Me $5M to Divorce Her While I Had Amnesia, so I Chose the Sexy Heiress—Now She Rues",https://www.youtube.com/watch?v=quzxCFm07zM,2026-03-07T01:00:58Z,5879.0,0,22,0,en,en-US,72910,2182,188,2026-10-01T06:14:19.535343+00:00,2026-10-01T06:14:19.535343+00:00,1:37:59,"my ceo wife gave me $5m to divorce her while i had amnesia, so i chose the sexy heiress—now she rues",21,100,29.927307639555618,2.5785214648196404,86.15948670944087,2.992730763955562,0.25785214648196403,20,3325008,166250.4,75548.0,20,3844.8,2140.5,20,239.25,165.0,20,2.5995243776419037,2.6582881485017875,20,0.22751689332175182,0.162733939660102,20,797070,3DwZyWBN31A,Reborn: My Whole Rich Family Can Hear My Mind—Now I'm Somehow the Most Spoiled Favorite in the House,16943,3DwZyWBN31A,Reborn: My Whole Rich Family Can Hear My Mind—Now I'm Somehow the Most Spoiled Favorite in the House,1205,jCMa8FP8eqo,Reborn: I Chose the Cute Heiress Instead of the Driver's Daughter—but Now She Rues,12,0.9650818022978769,False,10,1.019387993459472,False,8,1.1393939393939394,False
UCeLOCj__efnDzhPUu7tlOWg,Yee Lovestory,43000,245,14151407,ryys-jNzfMg,My 5 Sexy Fiancées All Despised Me for Being a Hick—‘til They Discovered I Was a Billionaire CEO,https://www.youtube.com/watch?v=ryys-jNzfMg,2026-03-06T01:01:00Z,8143.0,0,22,0,en,en-US,72488,2099,181,2026-10-01T06:14:19.535343+00:00,2026-10-01T06:14:19.535343+00:00,2:15:43,my 5 sexy fiancées all despised me for being a hick—‘til they discovered i was a billionaire ceo,18,96,28.956516940735018,2.4969650148990175,86.23153882801334,2.8956516940735018,0.24969650148990177,20,3325008,166250.4,75548.0,20,3844.8,2140.5,20,239.25,165.0,20,2.5995243776419037,2.6582881485017875,20,0.22751689332175182,0.162733939660102,20,797070,3DwZyWBN31A,Reborn: My Whole Rich Family Can Hear My Mind—Now I'm Somehow the Most Spoiled Favorite in the House,16943,3DwZyWBN31A,Reborn: My Whole Rich Family Can Hear My Mind—Now I'm Somehow the Most Spoiled Favorite in the House,1205,jCMa8FP8eqo,Reborn: I Chose the Cute Heiress Instead of the Driver's Daughter—but Now She Rues,13,0.9594959495949595,False,11,0.9806120065405279,False,10,1.096969696969697,False
UCeLOCj__efnDzhPUu7tlOWg,Yee Lovestory,43000,245,14151407,_6QRVw8oq70,My CEO Wife Gave Me $8M to to Order Bar Girls So I Won't Bother Her Date with 1st Love—Now She Rues!,https://www.youtube.com/watch?v=_6QRVw8oq70,2026-03-15T00:00:44Z,6345.0,0,22,0,en,en-US,71250,1961,149,2026-10-01T06:14:19.535343+00:00,2026-10-01T06:14:19.535343+00:00,1:45:45,my ceo wife gave me $8m to to order bar girls so i won't bother her date with 1st love—now she rues!,22,100,27.522807017543858,2.0912280701754384,75.98164201937786,2.752280701754386,0.20912280701754385,20,3325008,166250.4,75548.0,20,3844.8,2140.5,20,239.25,165.0,20,2.5995243776419037,2.6582881485017875,20,0.22751689332175182,0.162733939660102,20,797070,3DwZyWBN31A,Reborn: My Whole Rich Family Can Hear My Mind—Now I'm Somehow the Most Spoiled Favorite in the House,16943,3DwZyWBN31A,Reborn: My Whole Rich Family Can Hear My Mind—Now I'm Somehow the Most Spoiled Favorite in the House,1205,jCMa8FP8eqo,Reborn: I Chose the Cute Heiress Instead of the Driver's Daughter—but Now She Rues,14,0.9431090167840314,False,15,0.9161410885307171,False,11,0.9030303030303031,False
UCeLOCj__efnDzhPUu7tlOWg,Yee Lovestory,43000,245,14151407,mw8Bcg2G-8o,My Sexy CEO Wife Tested Me by Faking Poverty—but 6 Months Later She Begs Me for Kisses Every Day?!,https://www.youtube.com/watch?v=mw8Bcg2G-8o,2026-03-04T01:00:53Z,5340.0,0,22,0,en,en-US,66031,2092,144,2026-10-01T06:14:19.535343+00:00,2026-10-01T06:14:19.535343+00:00,1:29:00,my sexy ceo wife tested me by faking poverty—but 6 months later she begs me for kisses every day?!,19,98,31.682088715906165,2.1807938695461226,68.83365200764818,3.1682088715906165,0.21807938695461224,20,3325008,166250.4,75548.0,20,3844.8,2140.5,20,239.25,165.0,20,2.5995243776419037,2.6582881485017875,20,0.22751689332175182,0.162733939660102,20,797070,3DwZyWBN31A,Reborn: My Whole Rich Family Can Hear My Mind—Now I'm Somehow the Most Spoiled Favorite in the House,16943,3DwZyWBN31A,Reborn: My Whole Rich Family Can Hear My Mind—Now I'm Somehow the Most Spoiled Favorite in the House,1205,jCMa8FP8eqo,Reborn: I Chose the Cute Heiress Instead of the Driver's Daughter—but Now She Rues,15,0.8740271085932123,False,12,0.9773417425835085,False,13,0.8727272727272727,False
UCeLOCj__efnDzhPUu7tlOWg,Yee Lovestory,43000,245,14151407,N1k582_U8P8,"Mind-Reading: For Saving Me, My Yandere Villainess Crush Actually Killed the System's 99 Players?!",https://www.youtube.com/watch?v=N1k582_U8P8,2026-03-05T01:00:23Z,5265.0,0,22,0,en,en-US,56135,1634,72,2026-10-01T06:14:19.535343+00:00,2026-10-01T06:14:19.535343+00:00,1:27:45,"mind-reading: for saving me, my yandere villainess crush actually killed the system's 99 players?!",14,98,29.10839939431727,1.2826222499331967,44.063647490820074,2.910839939431727,0.12826222499331968,20,3325008,166250.4,75548.0,20,3844.8,2140.5,20,239.25,165.0,20,2.5995243776419037,2.6582881485017875,20,0.22751689332175182,0.162733939660102,20,797070,3DwZyWBN31A,Reborn: My Whole Rich Family Can Hear My Mind—Now I'm Somehow the Most Spoiled Favorite in the House,16943,3DwZyWBN31A,Reborn: My Whole Rich Family Can Hear My Mind—Now I'm Somehow the Most Spoiled Favorite in the House,1205,jCMa8FP8eqo,Reborn: I Chose the Cute Heiress Instead of the Driver's Daughter—but Now She Rues,16,0.7430375390480225,False,16,0.7633730436813828,False,20,0.43636363636363634,False
UCeLOCj__efnDzhPUu7tlOWg,Yee Lovestory,43000,245,14151407,yni_4Y1YCpU,"My Heiress Fiancée Called Off Our Wedding for Her Crush, so I Married Her Sexy Sister—Now She Rues!",https://www.youtube.com/watch?v=yni_4Y1YCpU,2026-03-12T00:01:15Z,6550.0,0,22,0,en,en-US,50610,1367,139,2026-10-01T06:14:19.535343+00:00,2026-10-01T06:14:19.535343+00:00,1:49:10,"my heiress fiancée called off our wedding for her crush, so i married her sexy sister—now she rues!",18,99,27.010472238688006,2.7464927879865635,101.68251645940015,2.701047223868801,0.27464927879865636,20,3325008,166250.4,75548.0,20,3844.8,2140.5,20,239.25,165.0,20,2.5995243776419037,2.6582881485017875,20,0.22751689332175182,0.162733939660102,20,797070,3DwZyWBN31A,Reborn: My Whole Rich Family Can Hear My Mind—Now I'm Somehow the Most Spoiled Favorite in the House,16943,3DwZyWBN31A,Reborn: My Whole Rich Family Can Hear My Mind—Now I'm Somehow the Most Spoiled Favorite in the House,1205,jCMa8FP8eqo,Reborn: I Chose the Cute Heiress Instead of the Driver's Daughter—but Now She Rues,17,0.6699052258166993,False,17,0.6386358327493576,False,14,0.8424242424242424,False
UCeLOCj__efnDzhPUu7tlOWg,Yee Lovestory,43000,245,14151407,NxHUvtr1WNs,"My GF & Mother Both Betrayed Me for My Brother, so I Married the Sexy Heiress—but Now They Rue!",https://www.youtube.com/watch?v=NxHUvtr1WNs,2026-03-09T00:00:21Z,6997.0,0,22,0,en,en-US,35395,985,126,2026-10-01T06:14:19.535343+00:00,2026-10-01T06:14:19.535343+00:00,1:56:37,"my gf & mother both betrayed me for my brother, so i married the sexy heiress—but now they rue!",19,95,27.828789377030652,3.559824834016104,127.91878172588834,2.782878937703065,0.35598248340161043,20,3325008,166250.4,75548.0,20,3844.8,2140.5,20,239.25,165.0,20,2.5995243776419037,2.6582881485017875,20,0.22751689332175182,0.162733939660102,20,797070,3DwZyWBN31A,Reborn: My Whole Rich Family Can Hear My Mind—Now I'm Somehow the Most Spoiled Favorite in the House,16943,3DwZyWBN31A,Reborn: My Whole Rich Family Can Hear My Mind—Now I'm Somehow the Most Spoiled Favorite in the House,1205,jCMa8FP8eqo,Reborn: I Chose the Cute Heiress Instead of the Driver's Daughter—but Now She Rues,18,0.46851008630274793,False,18,0.46017285680915676,False,16,0.7636363636363637,False
UCeLOCj__efnDzhPUu7tlOWg,Yee Lovestory,43000,245,14151407,hgAAa0DWCcU,"Rebirth: I Choose My Cute Crush Instead of the Sexy Heiress, Heading Toward a Happy Ending!",https://www.youtube.com/watch?v=hgAAa0DWCcU,2026-05-16T09:09:44Z,113.0,1,22,0,en,en-US,25959,710,234,2026-10-01T06:14:19.535343+00:00,2026-10-01T06:14:19.535343+00:00,1:53,"rebirth: i choose my cute crush instead of the sexy heiress, heading toward a happy ending!",16,91,27.35082245078778,9.014214723217382,329.5774647887324,2.7350822450787784,0.9014214723217382,20,3325008,166250.4,75548.0,20,3844.8,2140.5,20,239.25,165.0,20,2.5995243776419037,2.6582881485017875,20,0.22751689332175182,0.162733939660102,20,797070,3DwZyWBN31A,Reborn: My Whole Rich Family Can Hear My Mind—Now I'm Somehow the Most Spoiled Favorite in the House,16943,3DwZyWBN31A,Reborn: My Whole Rich Family Can Hear My Mind—Now I'm Somehow the Most Spoiled Favorite in the House,1205,jCMa8FP8eqo,Reborn: I Chose the Cute Heiress Instead of the Driver's Daughter—but Now She Rues,19,0.3436093609360936,False,19,0.33169820135482364,False,6,1.4181818181818182,False
UCeLOCj__efnDzhPUu7tlOWg,Yee Lovestory,43000,245,14151407,jkZ3fDsOEaM,Reuniting with My Heiress Ex-GF in the Elevator: She Panicked When She Saw the Child in My Arms,https://www.youtube.com/watch?v=jkZ3fDsOEaM,2026-05-27T13:53:52Z,193.0,0,22,0,en,en-US,22149,461,80,2026-10-01T06:14:19.535343+00:00,2026-10-01T06:14:19.535343+00:00,3:13,reuniting with my heiress ex-gf in the elevator: she panicked when she saw the child in my arms,18,95,20.813580748566526,3.6119012145017835,173.53579175704988,2.0813580748566527,0.3611901214501783,20,3325008,166250.4,75548.0,20,3844.8,2140.5,20,239.25,165.0,20,2.5995243776419037,2.6582881485017875,20,0.22751689332175182,0.162733939660102,20,797070,3DwZyWBN31A,Reborn: My Whole Rich Family Can Hear My Mind—Now I'm Somehow the Most Spoiled Favorite in the House,16943,3DwZyWBN31A,Reborn: My Whole Rich Family Can Hear My Mind—Now I'm Somehow the Most Spoiled Favorite in the House,1205,jCMa8FP8eqo,Reborn: I Chose the Cute Heiress Instead of the Driver's Daughter—but Now She Rues,20,0.2931778471964844,False,20,0.21537024059799112,False,19,0.48484848484848486,False
