group_id,video_id,channel_name,video_title,video_views,group_size,mean_within_group_semantic_similarity,min_within_group_semantic_similarity,semantic_threshold
G001,0g2x-VQw38Q,Meow's Cafe,"📕My wife said I ignored her breakup, so I brought 8 girlfriends to comfort her—she totally broke!",30474,1,,,0.8
G002,0mlUQlBMMQY,Jinwoo Recap,My Runaway Billionaire Bride Escaped To A Remote Town - Jinwoo Recap,12397,1,,,0.8
G003,1w9s7-HVNF8,Hein Recap,"I Dumped My Girlfriend With Cash To Hide My Cancer, Now She's The Doctor Saving My Life - Hein Recap",19288,1,,,0.8
G004,2ywByLW7OJE,Hein Recap,I'm Escaping My Billionaire Wife! - Hein Recap,14760,1,,,0.8
G005,3DwZyWBN31A,Yee Lovestory,Reborn: My Whole Rich Family Can Hear My Mind—Now I'm Somehow the Most Spoiled Favorite in the House,797070,1,,,0.8
G006,4A3zz8lf8EE,Hein Recap,"I Became A Billionaire Heiress's Butler, But She Can Hear All My Sarcastic Thoughts! - Hein Recap",70195,1,,,0.8
G007,5FY8SsRjahk,Meow's Cafe,📕I charged my wife every time her fl taunted me—then she panicked when our daughter and I moved on!,18484,1,,,0.8
G008,5a5Js5uVK5M,Meow's Cafe,"📕Once I learned the plot, I let my wife see her first love—even told her to dress sexier. She froze!",22684,1,,,0.8
G009,5uu-bOF5LT0,Meow's Cafe,"📕My GF left with another guy, said her flight was delayed—then her Uber arrived: me, driving her car",24757,1,,,0.8
G010,7FM2tlQ-pCk,Jinwoo Recap,"I Rejected Her Twice In School, Now She Bought My Company To Force Me To Date Her! - Jinwoo Recap",26739,1,,,0.8
G011,AFHLIEaSluo,Hein Recap,Outplaying The White Lotus - Hein Recap,9573,1,,,0.8
G012,En3LA6oNvzs,Yee Lovestory,Reborn: My 6 Beautiful Sisters & Parents Can Hear My Thoughts—but Now They Regret It!,237618,2,0.9336379912198594,0.9336379912198594,0.8
G012,fno_FBKY0sE,Yee Lovestory,Reborn: My 5 Beautiful Sisters Can Hear My Thoughts—but Now They Regret It!,227908,2,0.9336379912198594,0.9336379912198594,0.8
G013,EzPOGE4xXow,Yee Lovestory,"Reborn: I Choose My Devoted CEO Wife & Daughter over My Crush, Towards a Happy Ending",300941,1,,,0.8
G014,F4GFzqbaqn0,Jinwoo Recap,How The Betrayed Husband Become A Global Star! - Jinwoo Recap,24125,1,,,0.8
G015,FIsCGrW7Iuw,Hein Recap,My Wife Let Her Ex Destroy My Dead Mom's Keepsake - Hein Recap,9164,1,,,0.8
G016,Fy-Ci_gAghs,Hein Recap,I Turned A Poor Girl Into A Billionaire - Hein Recap,11740,1,,,0.8
G017,G7dKVCViwOc,Jinwoo Recap,I Rejected A Billionaire's Proposal - Jinwoo Recap,12810,1,,,0.8
G018,H8GIzUs4iYQ,Hein Recap,She Ditched My Birthday For Her Art Crush - Hein Recap,4125,1,,,0.8
G019,I7mNKE7mbWw,Hein Recap,Unsent Letters At The Grave - Hein Recap,5741,1,,,0.8
G020,JKhn9JGaPY8,Hein Recap,"How A ""Greedy Opportunist"" Bore The Weight Of Two Dynasties! - Hein Recap",8092,1,,,0.8
G021,K2iI10BMw98,Hein Recap,I Let The Nation Extract My Memories - Hein Recap,48815,1,,,0.8
G022,K4I3MC4bAvo,Yee Lovestory,"Reborn: I Chose My Loyal Heiress Girlfriend Over My Cheating Crush, Leading to a Happy Ending",104986,2,0.8132945347137288,0.8132945347137288,0.8
G022,hgAAa0DWCcU,Yee Lovestory,"Rebirth: I Choose My Cute Crush Instead of the Sexy Heiress, Heading Toward a Happy Ending!",25959,2,0.8132945347137288,0.8132945347137288,0.8
G023,KH8DW60j-3o,Meow's Cafe,"📕After we reconciled, I stopped chasing her. She proposed—my revenge began at city hall",19822,1,,,0.8
G024,KM6YKFEZ6AI,Hein Recap,Leaving The Traitorous Family To Despair! - Hein Recap,89901,1,,,0.8
G025,KgZsH_ihLz0,Meow's Cafe,"📕She stayed out till 3 AM; I canceled the venue, wedding, and honeymoon—she rushed home like crazy!",32333,1,,,0.8
G026,KqinxI0DjmE,Hein Recap,Divorced On 5th Anniversary! - Hein Recap,9277,1,,,0.8
G027,KyyIlVMR-1E,Jinwoo Recap,My Wife Demanded A Predatory Divorce - Jinwoo Recap,12248,1,,,0.8
G028,MAl1JDkhEUQ,Meow's Cafe,📕My rich ex-wife brought our son to take me back—only to find me living my best life without them!,18717,1,,,0.8
G029,MDkKEuypcyc,Yee Lovestory,"I Can Hear My Sexy CEO Wife's Thoughts—She Acts Cold, but Secretly Plans to Trap Me Forever?!",75516,1,,,0.8
G030,N1k582_U8P8,Yee Lovestory,"Mind-Reading: For Saving Me, My Yandere Villainess Crush Actually Killed the System's 99 Players?!",56135,1,,,0.8
G031,NxHUvtr1WNs,Yee Lovestory,"My GF & Mother Both Betrayed Me for My Brother, so I Married the Sexy Heiress—but Now They Rue!",35395,2,0.8173208585126581,0.8173208585126581,0.8
G031,q-ZoiMxj4DI,Yee Lovestory,"My CEO Wife & Daughter All Betrayed Me For My Half-brother, so I Wed the Sweet Heiress—Now They Rue!",87245,2,0.8173208585126581,0.8173208585126581,0.8
G032,QfrpsGlVUoY,Meow's Cafe,📕I called my GF my first love. The campus queen snapped—then found she'd erased all proof we dated!,44630,1,,,0.8
G033,RRN1_tDWnBs,Hein Recap,I Found A Secret Room Of My Photos - Hein Recap,9977,1,,,0.8
G034,SZZaMGfYJ0M,Jinwoo Recap,My 5-Year Devotion Was Just A Transaction To Revive My Girlfriend - Jinwoo Recap,17041,1,,,0.8
G035,V_oeQsmasFM,Meow's Cafe,"📕My wife cheated with her bestie’s boyfriend; her bestie proposed revenge, but her method stunned me",19153,1,,,0.8
G036,ViUdX8alMys,Jinwoo Recap,The Arrogant Blind CEO Who Discarded Her True Savior! - Jinwoo Recap,44313,1,,,0.8
G037,YqWAnbgwisA,Meow's Cafe,"📕She married him, then realized she loved me. I smiled and told her why I chased her—she broke!",15502,1,,,0.8
G038,ZBOH21g61cw,Hein Recap,The Novel-Addicted Assistant - Hein Recap,15793,1,,,0.8
G039,ZS_4Ej66uDM,Yee Lovestory,"Reborn: My Entire Family Betrayed Me for the Fake Heir, so I Married the Sweet Heiress—Now They Rue!",128570,2,0.800687845310224,0.800687845310224,0.8
G039,mXMg15RcleU,Yee Lovestory,Reborn: My 6 Sisters & Fiancée All Betrayed Me for The Fake Heir—so I Wed the Sexy CEO—Now They Rue!,75580,2,0.800687845310224,0.800687845310224,0.8
G040,_6QRVw8oq70,Yee Lovestory,My CEO Wife Gave Me $8M to to Order Bar Girls So I Won't Bother Her Date with 1st Love—Now She Rues!,71250,1,,,0.8
G041,_vNEhhi3nws,Hein Recap,"My Billionaire Wife Paid Me $100M To Leave, So I Turned It Into $10 Billion! - Hein Recap",14366,1,,,0.8
G042,a1V0vi-5fEk,Meow's Cafe,"📕My ex failed to marry rich, saw me on TV and wanted me back—then the next shot made her break down!",16508,1,,,0.8
G043,bm1vRaNE66I,Meow's Cafe,"📕I left without a word; she thought I’d never last 2 days—until I unfriended her, quit, and moved!",41099,1,,,0.8
G044,cZQg93MFytE,Hein Recap,Expired Love Can't Be Revived - Hein Recap,12858,1,,,0.8
G045,cv8G5y6XfDw,Jinwoo Recap,"My Dad Married A Billionaire, And Her CEO Daughter Was My Secret Online Rival! - Jinwoo Recap",23225,1,,,0.8
G046,d7F57As85l0,Jinwoo Recap,"NOO, My Bride Arrested My Dad At The Altar! - Jinwoo Recap",18091,1,,,0.8
G047,dl7FiJJDoh0,Hein Recap,I Transmigrated Into A Trash Son-In-Law - Hein Recap,32423,1,,,0.8
G048,eC75umB-SHs,Jinwoo Recap,I Have A Gossip System - Jinwoo Recap,78380,1,,,0.8
G049,eHVZ1yAvKsA,Meow's Cafe,📕Her new admirer warned me not to hurt my childhood sweetheart. I laughed—hurt her? She’s insane!,17767,1,,,0.8
G050,etDjkgcRGNo,Meow's Cafe,"📕The college girl I kept said she was shy—I caught her with another guy. Fine, her roomie’s my type",8156,1,,,0.8
G051,gCnlYvG4-5A,Jinwoo Recap,Raised A Villainess: She Went Mad! - Jinwoo Recap,15848,1,,,0.8
G052,hfvuBTFcEl0,Hein Recap,"I Let My In-Laws Kick Me Out For Her Childhood Sweetheart, Unaware I Have $300M! - Hein Recap",11424,1,,,0.8
G053,iJ3SMkaAa1M,Meow's Cafe,"📕My fiancée sent a pregnancy test, then unsent it. When she came back for me, I’d married someone!",26203,1,,,0.8
G054,ioHg-Fa7-18,Jinwoo Recap,I Faked Being A Trash Househusband To Divorce My Wife - Jinwoo Recap,14452,1,,,0.8
G055,isihpc5r1UA,Meow's Cafe,📕I left her with nothing; she thought that was revenge—until her first love ditched her for this!,15295,1,,,0.8
G056,it2BKpKdNy8,Jinwoo Recap,I Just Want To Be A Background NPC - Jinwoo Recap,68142,1,,,0.8
G057,jCMa8FP8eqo,Yee Lovestory,Reborn: I Chose the Cute Heiress Instead of the Driver's Daughter—but Now She Rues,722874,1,,,0.8
G058,jkZ3fDsOEaM,Yee Lovestory,Reuniting with My Heiress Ex-GF in the Elevator: She Panicked When She Saw the Child in My Arms,22149,1,,,0.8
G059,kiNWc1r-6Fg,Jinwoo Recap,"""Broke Nobody"" Is Teacher Cas! - Jinwoo Recap",12693,1,,,0.8
G060,mHZowXumvNs,Jinwoo Recap,"A Billionaire Hired Me To Fake Being His Son, But His Daughters Fell In Love With Me! - Jinwoo Recap",30256,1,,,0.8
G061,mNoIfjZzwEc,Jinwoo Recap,I Was Locked In My Family Closet For 8 Years - Jinwoo Reca[,28452,1,,,0.8
G062,miaJ4DQk3m4,Hein Recap,I Catfished My Wife As Her High School Ex Just To Get A Divorce! - Hein Recap,9921,1,,,0.8
G063,muxk2be9b3g,Meow's Cafe,"📕My GF exploded over dinner with another woman. I said, “I didn’t cheat”—her own words shut her up!",36956,1,,,0.8
G064,mw8Bcg2G-8o,Yee Lovestory,My Sexy CEO Wife Tested Me by Faking Poverty—but 6 Months Later She Begs Me for Kisses Every Day?!,66031,1,,,0.8
G065,ox8CMjoszTQ,Meow's Cafe,📕My boss GF faked amnesia and asked who I was. I said “just a coworker.” She relaxed—and so did I!,37806,1,,,0.8
G066,quzxCFm07zM,Yee Lovestory,"My CEO Wife Gave Me $5M to Divorce Her While I Had Amnesia, so I Chose the Sexy Heiress—Now She Rues",72910,1,,,0.8
G067,ryys-jNzfMg,Yee Lovestory,My 5 Sexy Fiancées All Despised Me for Being a Hick—‘til They Discovered I Was a Billionaire CEO,72488,1,,,0.8
G068,t6_zHlXB39o,Meow's Cafe,📕My wife brought her sick first love home and told me not to worry—so I took in my longtime crush!,27674,1,,,0.8
G069,w10fgdwiuFI,Yee Lovestory,Reborn: My Sexy Heiress Fiancée Overheard My Thoughts While Breaking Our Engagement—Now She Rues!,93773,1,,,0.8
G070,wUPj55kldak,Jinwoo Recap,Zero Tolerance For Drama - Jinwoo Recap,42625,1,,,0.8
G071,xHswmBIZeU4,Jinwoo Recap,My Parents' 7-Year Cold Marriage Shocked Everyone When Mom Chose The Fake Son! - Jinwoo Recap,7527,1,,,0.8
G072,y5eUE0-4l3o,Jinwoo Recap,My Wife Skipped Our Son's Funeral For Her Ex - Jinwoo Recap,20783,1,,,0.8
G073,y7dcODn9qyU,Hein Recap,The Empty Ring Box - Hein Recap,9894,1,,,0.8
G074,yni_4Y1YCpU,Yee Lovestory,"My Heiress Fiancée Called Off Our Wedding for Her Crush, so I Married Her Sexy Sister—Now She Rues!",50610,1,,,0.8
G075,zXeifgaRYDM,Meow's Cafe,📕An intern sent pics with my CEO wife to taunt me—I called cops at their office; one line froze them,22875,1,,,0.8
G076,zgxcHXJIUJ4,Jinwoo Recap,My Innocent Students Turned Into Demon Lords - Jinwoo Reca[,30611,1,,,0.8
