channel_id_a,channel_a,channel_id_b,channel_b,same_channel,pair_count,mean_lexical_tfidf_similarity,median_lexical_tfidf_similarity,mean_lexical_jaccard_similarity,median_lexical_jaccard_similarity,mean_semantic_similarity,median_semantic_similarity,valid_semantic_pair_count,semantic_ge_70_pair_count,semantic_ge_80_pair_count,semantic_ge_90_pair_count
UC4Dp5pw1_R4gv0N-FBeyB8A,Meow's Cafe,UC4Dp5pw1_R4gv0N-FBeyB8A,Meow's Cafe,True,190,0.10107857877798351,0.09144598995048955,0.10741825356738458,0.1,0.4431059548219716,0.44282493591663064,190,0,0,0
UC4Dp5pw1_R4gv0N-FBeyB8A,Meow's Cafe,UCHPA4fgVIFf4Wfae6-f5qNQ,Hein Recap,False,400,0.03921540987927811,0.027515438791825927,0.05378578582448672,0.041666666666666664,0.24426673209165173,0.24693829574256254,400,0,0,0
UC4Dp5pw1_R4gv0N-FBeyB8A,Meow's Cafe,UCeLOCj__efnDzhPUu7tlOWg,Yee Lovestory,False,400,0.05843617197444707,0.048842543678167864,0.08001536627035023,0.07142857142857142,0.3263888985330566,0.33097790530216653,400,0,0,0
UC4Dp5pw1_R4gv0N-FBeyB8A,Meow's Cafe,UChIHuKSI-djAtbWK9mvHSww,Jinwoo Recap,False,400,0.0385564733542543,0.026276101962970932,0.05037449968947602,0.04,0.2596609177363249,0.2662930240480249,400,0,0,0
UCHPA4fgVIFf4Wfae6-f5qNQ,Hein Recap,UCHPA4fgVIFf4Wfae6-f5qNQ,Hein Recap,True,190,0.10545631475312903,0.09481007082904253,0.1666138561420654,0.15384615384615385,0.3071371591239025,0.3163711233748604,190,0,0,0
UCHPA4fgVIFf4Wfae6-f5qNQ,Hein Recap,UCeLOCj__efnDzhPUu7tlOWg,Yee Lovestory,False,400,0.04786029153503845,0.033758621074291895,0.05846246702299096,0.045454545454545456,0.2528687520744337,0.24428487097928675,400,0,0,0
UCHPA4fgVIFf4Wfae6-f5qNQ,Hein Recap,UChIHuKSI-djAtbWK9mvHSww,Jinwoo Recap,False,400,0.05923174971187665,0.04077149213890503,0.09601117554331402,0.08333333333333333,0.2512330859287007,0.23992737717299265,400,0,0,0
UCeLOCj__efnDzhPUu7tlOWg,Yee Lovestory,UCeLOCj__efnDzhPUu7tlOWg,Yee Lovestory,True,190,0.145876932614871,0.11663722570305465,0.14667232796032878,0.125,0.4632357673530636,0.4708878482043515,190,13,4,1
UCeLOCj__efnDzhPUu7tlOWg,Yee Lovestory,UChIHuKSI-djAtbWK9mvHSww,Jinwoo Recap,False,400,0.044575222825589685,0.03372968159078481,0.0535869568178874,0.041666666666666664,0.27936408565915943,0.282545747000895,400,0,0,0
UChIHuKSI-djAtbWK9mvHSww,Jinwoo Recap,UChIHuKSI-djAtbWK9mvHSww,Jinwoo Recap,True,190,0.09986246705022209,0.08746281022040082,0.15032836914066497,0.14285714285714285,0.44830587477277856,0.4415920361210685,190,3,0,0
