structural_template,video_count,channel_count,channels_present,mean_views,median_views,mean_likes,median_likes,mean_comments,median_comments
BETRAYAL > MARRIAGE > REGRET,2,1,"[""Yee Lovestory""]",61320.0,61320.0,1624.5,1624.5,190.5,190.5
REBIRTH > BETRAYAL > MARRIAGE > REGRET,2,1,"[""Yee Lovestory""]",102075.0,102075.0,2467.5,2467.5,151.0,151.0
REBIRTH > THOUGHTS_EXPOSED > REGRET,2,1,"[""Yee Lovestory""]",232763.0,232763.0,5821.0,5821.0,302.5,302.5
CHEATING > REVENGE,1,1,"[""Meow's Cafe""]",19153.0,19153.0,446.0,446.0,36.0,36.0
DIVORCE > REGRET,1,1,"[""Yee Lovestory""]",72910.0,72910.0,2182.0,2182.0,188.0,188.0
REBIRTH > CHEATING,1,1,"[""Yee Lovestory""]",104986.0,104986.0,2509.0,2509.0,128.0,128.0
REBIRTH > REGRET,1,1,"[""Yee Lovestory""]",722874.0,722874.0,13178.0,13178.0,1205.0,1205.0
REBIRTH > THOUGHTS_EXPOSED,1,1,"[""Yee Lovestory""]",797070.0,797070.0,16943.0,16943.0,410.0,410.0
REBIRTH > THOUGHTS_EXPOSED > ROMANTIC_REJECTION > REGRET,1,1,"[""Yee Lovestory""]",93773.0,93773.0,2840.0,2840.0,146.0,146.0
RETURN > MARRIAGE,1,1,"[""Meow's Cafe""]",26203.0,26203.0,682.0,682.0,89.0,89.0
ROMANTIC_REJECTION > REPLACEMENT_RELATIONSHIP > REGRET,1,1,"[""Yee Lovestory""]",50610.0,50610.0,1367.0,1367.0,139.0,139.0
